name,type,sido,city,address,hours,indoor,outdoor,parking,lat,lon
100코달리 와인바,카페,서울특별시,중구,서울특별시 중구 다산로38길 11,화~일 18:00~02:00,Y,N,Y,37.56330525,127.016417
2Cats,카페,서울특별시,종로구,서울특별시 종로구 인사동길 11,매일 11:00~21:00,Y,N,N,37.57182943,126.986787
38도씨식당,식당,서울특별시,마포구,서울특별시 마포구 와우산로17길 19-17,매일 17:00~01:00,Y,N,N,37.54942988,126.921615
63아트,미술관,서울특별시,영등포구,서울특별시 영등포구 63로 50,매일 10:00~22:00,N,N,Y,37.51966416,126.939909
가회민화박물관,박물관,서울특별시,종로구,서울특별시 종로구 북촌로 52,화~일 10:00~18:000,N,N,Y,37.58150935,126.985229
간송박물관,박물관,서울특별시,성북구,서울특별시 성북구 성북로 102-11,월~금 10:00~18:00,N,N,Y,37.59446244,126.996239
강남구민회관,문예회관,서울특별시,강남구,서울특별시 강남구 삼성로 154,"월~금 08:00~21:30, 토 09:00~19:30",N,N,Y,37.49388799,127.064272
강동아트센터,문예회관,서울특별시,강동구,서울특별시 강동구 동남로 870,매일 09:00~18:00,N,N,Y,37.55122046,127.157343
강북문화예술회관,문예회관,서울특별시,강북구,서울특별시 강북구 삼각산로 85,전시공연에 따라 변동,N,N,Y,37.64098979,127.013878
강서 한강공원,여행지,서울특별시,강서구,서울특별시 강서구 양천로27길 279-23,매일 00:00~24:00,N,Y,Y,37.58604147,126.817145
강서구민회관,문예회관,서울특별시,강서구,서울특별시 강서구 우장산로 66,매일 09:00~18:00,N,N,Y,37.55343642,126.843649
강아지대학로,카페,서울특별시,종로구,서울특별시 종로구 대학로12길 92,매일 13:00~20:30,Y,N,N,37.58009773,127.003684
강아지정류장,카페,서울특별시,강서구,서울특별시 강서구 양천로 709,화~일 08:00~20:00,Y,N,N,37.54992339,126.874825
개라다이스,카페,서울특별시,관악구,서울특별시 관악구 봉천로 283,매일 07:30~20:00,Y,N,Y,37.48766129,126.932624
개상전 애견카페,카페,서울특별시,은평구,서울특별시 은평구 통일로 727-5,매일 11:00~21:00,Y,N,Y,37.61021895,126.929202
건국대학교박물관,박물관,서울특별시,광진구,서울특별시 광진구 능동로 120,월~금 10:00~16:00,N,N,Y,37.53918267,127.074712
게스트하우스 하하네,펜션,서울특별시,마포구,서울특별시 마포구 토정로17길 31-8,매일 15:00~11:00,Y,Y,Y,37.54624807,126.935585
겟썸커피,카페,서울특별시,강남구,서울특별시 강남구 논현로159길 46-6,화~일 10:00~21:00,Y,N,N,37.5224347,127.024464
겨울이 머무는 집,카페,서울특별시,마포구,서울특별시 마포구 와우산로17길 19-5,수~월 13:00~21:00,N,N,N,37.54995731,126.921865
겸재정선미술관,미술관,서울특별시,강서구,서울특별시 강서구 양천로47길 36,화~일 10:00~18:00,N,N,Y,37.57222297,126.838412
경기여자고등학교 경운박물관,박물관,서울특별시,강남구,서울특별시 강남구 삼성로 29,월~금 10:00~16:00,N,N,Y,37.48695715,127.066102
경희대학교 자연사박물관,박물관,서울특별시,동대문구,서울특별시 동대문구 경희대로 26,"월~화,목~금 10:00~15:00, 수 10:00~20:00",N,N,Y,37.59394914,127.054891
경희대학교 중앙박물관,박물관,서울특별시,동대문구,서울특별시 동대문구 경희대로 26,월~금 10:00~17:00,N,N,Y,37.59394914,127.054891
경희대학교 한의학역사박물관,박물관,서울특별시,동대문구,서울특별시 동대문구 경희대로 26,월~금 10:00~16:00,N,N,Y,37.59394914,127.054891
고려대학교박물관,박물관,서울특별시,성북구,서울특별시 성북구 안암로 145,월~토 10:00~17:00,N,N,Y,37.58870342,127.031698
고양이놀이터 카페,카페,서울특별시,중구,서울특별시 중구 명동8길 37-14,매일 12:00~23:00,Y,N,N,37.56197788,126.985489
고양이다락방 신촌점,카페,서울특별시,서대문구,서울특별시 서대문구 연세로 25-1,매일 12:00~22:00,Y,N,N,37.55797643,126.936705
고양이다락방 홍대점,카페,서울특별시,마포구,서울특별시 마포구 홍익로6길 21,매일 13:00~22:00,Y,N,Y,37.55549336,126.922902
고양이정원,카페,서울특별시,강서구,서울특별시 강서구 개화동로19길 18,매일 11:00~22:00,Y,Y,Y,37.57570577,126.803165
고촌이종근기념관,박물관,서울특별시,서대문구,서울특별시 서대문구 충정로 8,매일 10:00~17:00,N,N,Y,37.55967811,126.963202
관문사성보박물관,박물관,서울특별시,서초구,서울특별시 서초구 바우뫼로7길 111,화~일 10:00~18:00,N,N,Y,37.47375033,127.022282
관악아트홀,문예회관,서울특별시,관악구,서울특별시 관악구 신림로3길 35,전시공연에 따라 변동,N,N,Y,37.46759765,126.944871
구로구민회관,문예회관,서울특별시,구로구,서울특별시 구로구 가마산로25길 21,월~토 09:00~18:00,N,N,Y,37.49710269,126.889549
구로아트밸리예술극장,문예회관,서울특별시,구로구,서울특별시 구로구 가마산로25길 9-24,매일 09:00~22:00,N,N,Y,37.4965583,126.888975
구름뜬하늘,카페,서울특별시,마포구,서울특별시 마포구 와우산로27길 21,수~월 11:00~22:00,Y,N,N,37.55414552,126.9271
구욱희씨,카페,서울특별시,성동구,서울특별시 성동구 서울특별시숲4길 12-22,매일 12:00~22:00,Y,Y,N,37.54711029,127.041868
국기원,여행지,서울특별시,강남구,서울특별시 강남구 테헤란로7길 32,"매일 하절기 09:00~18:30, 동절기 09:00~18:00",N,Y,Y,37.50251536,127.030391
국립경찰박물관,박물관,서울특별시,종로구,서울특별시 종로구 송월길 162,매일 09:30~17:30,N,N,Y,37.5720573,126.962196
국립고궁박물관,박물관,서울특별시,종로구,서울특별시 종로구 효자로 12,"월~화,목~금,일 10:00~18:00, 수,토 10:00~21:00",N,N,Y,37.57659162,126.974975
국립관세박물관,박물관,서울특별시,강남구,서울특별시 강남구 언주로 721,월~금 10:00~17:00,N,N,Y,37.51830058,127.033779
국립국악원 국악박물관,박물관,서울특별시,서초구,서울특별시 서초구 남부순환로 2364,화~일 10:00~18:00,N,N,Y,37.47771881,127.009818
국립극장 공연예술박물관,박물관,서울특별시,중구,서울특별시 중구 장충단로 59,화~일 10:00~18:00,N,N,Y,37.55199491,126.999267
국립기상박물관,박물관,서울특별시,종로구,서울특별시 종로구 송월길 52,화~일 10:00~17:00,N,N,Y,37.57022174,126.966204
국립민속박물관,박물관,서울특별시,종로구,서울특별시 종로구 삼청로 37,매일 09:00~18:00,N,N,Y,37.57948482,126.978764
국립중앙박물관,박물관,서울특별시,용산구,서울특별시 용산구 서빙고로 137,"월~화,목~금,일 10:00~18:00, 수,토 10:00~21:00",N,N,Y,37.52470224,126.97774
국립한글박물관,박물관,서울특별시,용산구,서울특별시 용산구 서빙고로 139,"월~금, 일 10:00~18:00, 토 10:00~21:00",N,N,Y,37.5210688,126.980486
국립현대미술관 덕수궁관,미술관,서울특별시,중구,서울특별시 중구 세종대로 99,"월~화, 목~금, 일 10:00~18:00, 수, 토 10:00~21:00",N,N,Y,37.56608683,126.973726
국립현대미술관 서울,미술관,서울특별시,종로구,서울특별시 종로구 삼청로 30,매일 10:00~18:00,N,N,Y,37.57862803,126.980088
국민대학교박물관,박물관,서울특별시,성북구,서울특별시 성북구 정릉로 77,"월~금 10:00~17:00, 방학기간 10:00~16:00",N,N,Y,37.61028784,126.998521
국토발전전시관,박물관,서울특별시,중구,서울특별시 중구 정동길 18,화~일 09:30~17:30,N,N,Y,37.56681018,126.970082
국회 헌정기념관,박물관,서울특별시,영등포구,서울특별시 영등포구 의사당대로 1,월~금 10:00~17:00,N,N,Y,37.53291197,126.916404
금나래아트홀,문예회관,서울특별시,금천구,서울특별시 금천구 시흥대로73길 70,매일 09:00~18:00,N,N,Y,37.45706565,126.896037
금호미술관,미술관,서울특별시,종로구,서울특별시 종로구 삼청로 18,화~일 10:00~18:00,N,N,N,37.57746671,126.979913
기생충박물관,박물관,서울특별시,강서구,서울특별시 강서구 화곡로 333,"월~금 10:00~16:00, 토 10:00~14:00",N,N,Y,37.55362014,126.85075
길마중길,여행지,서울특별시,서초구,,매일 00:00~24:00,N,Y,Y,37.51496793,127.015183
김남매누나,카페,서울특별시,송파구,서울특별시 송파구 백제고분로42길 23,매일 12:00~23:00,Y,N,N,37.50465287,127.111
김달진미술자료박물관,박물관,서울특별시,종로구,서울특별시 종로구 홍지문1길 4,"월~금 10:00~17:00, 토 10:00~14:00",N,N,Y,37.60004663,126.95666
김바니네,카페,서울특별시,동대문구,서울특별시 동대문구 전농로 36,토~목 11:00~21:00,Y,N,Y,37.5680105,127.057406
김세중미술관,미술관,서울특별시,용산구,서울특별시 용산구 효창원로70길 35,화~일 10:00~17:00,N,N,Y,37.54201785,126.963883
나루아트센터,문예회관,서울특별시,광진구,서울특별시 광진구 능동로 76,화~일 09:00~18:00,N,N,Y,37.53757063,127.070576
나인페츠 건대점,카페,서울특별시,광진구,서울특별시 광진구 능동로 49,매일 10:00~19:00,Y,N,N,37.53581451,127.068397
난지천공원,여행지,서울특별시,마포구,서울특별시 마포구 월드컵로 365,매일 00:00~24:00,N,Y,Y,37.57246315,126.887048
남산골한옥마을,여행지,서울특별시,중구,서울특별시 중구 퇴계로34길 28,화~일 09:00~20:00,N,Y,Y,37.55954227,126.994739
남산공원,여행지,서울특별시,중구,,매일 00:00~24:00,N,Y,Y,37.55558921,126.981204
남산야외식물원,여행지,서울특별시,용산구,,매일 00:00~24:00,N,Y,Y,37.54297029,126.994588
내친구고양이카페,카페,서울특별시,중랑구,서울특별시 중랑구 면목로 306,매일 17:00~22:00,Y,N,N,37.57943288,127.087721
노블도그 애견카페,카페,서울특별시,강서구,서울특별시 강서구 강서로 237,매일 12:00~22:00,Y,N,Y,37.54686698,126.835883
노원문화재단 노원문화예술회관,문예회관,서울특별시,노원구,서울특별시 노원구 중계로 181,매일 09:00~18:00,N,N,Y,37.65023685,127.080267
노원어린이극장,문예회관,서울특별시,노원구,서울특별시 노원구 노해로 502,화~일 09:00~22:00,N,N,Y,37.65445005,127.063692
농협 농업박물관,박물관,서울특별시,중구,서울특별시 중구 새문안로 16,"화~일 하절기 9:30~18:00, 동절기 9:30~17:30",N,N,Y,37.56649912,126.968556
다니맘 수제간식 레스토랑,카페,서울특별시,노원구,서울특별시 노원구 한글비석로23길 26,매일 12:00~20:00,Y,Y,N,37.65969337,127.071017
다독인더시티,카페,서울특별시,강남구,서울특별시 강남구 논현로101길 10,매일 10:00~22:00,Y,Y,Y,37.50461632,127.034044
다문화박물관,박물관,서울특별시,은평구,서울특별시 은평구 불광로 135,"월~금 13:00~18:00, 토 10:00~18:00",N,N,Y,37.61878209,126.932521
다시사랑받개,카페,서울특별시,중랑구,서울특별시 중랑구 용마산로139나길 83,목~화 13:00~20:00,Y,N,Y,37.61897034,127.103604
대림미술관,미술관,서울특별시,종로구,서울특별시 종로구 자하문로4길 21,화~일 10:00~18:00,N,Y,N,37.57750388,126.973364
대한민국역사박물관,박물관,서울특별시,종로구,서울특별시 종로구 세종대로 198,"일~화, 목~금 10:00~18:00, 수,토 10:00~21:00",N,N,Y,37.57371361,126.978339
댕그라미 애견카페,카페,서울특별시,강남구,서울특별시 강남구 논현로115길 71,매일 10:30~22:00,Y,N,Y,37.50832105,127.027203
더왈츠,카페,서울특별시,강남구,서울특별시 강남구 역삼로 134,매일 12:00~21:00,Y,N,Y,37.49411114,127.034316
더포트,카페,서울특별시,강남구,서울특별시 강남구 영동대로142길 27,매일 10:00~19:00,Y,Y,Y,37.52521703,127.055506
덕성여자대학교박물관,박물관,서울특별시,도봉구,서울특별시 도봉구 삼양로144길 33,월~금 10:00~16:00,N,N,Y,37.64950908,127.016395
데이비드쥬스,카페,서울특별시,영등포구,서울특별시 영등포구 여의동로 213,월~토 10:00~18:00,Y,N,Y,37.51859533,126.93963
도그원 애견카페,카페,서울특별시,은평구,서울특별시 은평구 연서로29길 25,토 13:00~22:00,Y,N,N,37.61943907,126.91759
도그존,카페,서울특별시,송파구,서울특별시 송파구 올림픽로12길 28,수~월 12:00~21:00,Y,N,N,37.50910777,127.083191
도봉구민회관,문예회관,서울특별시,도봉구,서울특별시 도봉구 도봉로 552,매일 09:00~22:00,N,N,Y,37.65418037,127.038864
도산안창호기념관,박물관,서울특별시,강남구,서울특별시 강남구 도산대로45길 20,매일 10:00~17:00,N,N,Y,37.52395086,127.035603
도어401,카페,서울특별시,강남구,서울특별시 강남구 선릉로161길 18,화~일 12:00~20:00,Y,N,Y,37.52748109,127.03901
도킹,카페,서울특별시,서초구,서울특별시 서초구 동산로19길 54,매일 10:00~23:00,Y,N,Y,37.47497221,127.045709
동건s애견카페,카페,서울특별시,서초구,서울특별시 서초구 방배중앙로 157,화~일 14:00~22:00,Y,N,N,37.49314709,126.986172
동국대학교박물관,박물관,서울특별시,중구,서울특별시 중구 필동로1길 30,월~금 10:00~16:00,N,N,Y,37.55893664,126.998738
동덕여자대학교박물관,박물관,서울특별시,성북구,서울특별시 성북구 화랑로13길 60,월~금 10:00~17:00,N,N,Y,37.60681483,127.041176
두젠틀,카페,서울특별시,강남구,서울특별시 강남구 논현로 534,매일 11:00~21:00,Y,N,Y,37.50411917,127.035807
둘리뮤지엄,박물관,서울특별시,도봉구,서울특별시 도봉구 시루봉로1길 6,화~일 10:00~17:00,N,N,Y,37.65242986,127.027639
드로우지,카페,서울특별시,용산구,서울특별시 용산구 회나무로 83,화~일 11:30~20:30,Y,Y,N,37.54098714,126.99554
디뮤지엄 대림미술관 분관,미술관,서울특별시,용산구,서울특별시 용산구 독서당로29길 5-6,매일 10:00~18:00,N,N,Y,37.53734941,127.011572
디어도그,카페,서울특별시,은평구,서울특별시 은평구 응암로12길 32-1,매일 09:00~20:00,Y,N,Y,37.5868254,126.91997
디어앨리스,카페,서울특별시,용산구,서울특별시 용산구 녹사평대로40길 51,"목~화 17:00~24:00, 금~일 12:00~24:00",Y,N,N,37.53445875,126.988644
딜라이트리,카페,서울특별시,강남구,서울특별시 강남구 압구정로48길 28,매일 11:00~21:00,Y,N,Y,37.5268616,127.036617
딩가 케이크,카페,서울특별시,마포구,서울특별시 마포구 동교로29길 68,매일 11:30~22:00,Y,N,N,37.56340375,126.922074
떡박물관,박물관,서울특별시,종로구,서울특별시 종로구 돈화문로 71,월~토 10:00~18:00,N,N,Y,37.57489958,126.990638
똑똑독,카페,서울특별시,노원구,서울특별시 노원구 한글비석로 424,매일 10:00~22:00,Y,N,Y,37.66215509,127.070155
똥강아지들,카페,서울특별시,관악구,서울특별시 관악구 호암로22길 77,정보없음,Y,N,N,37.46861659,126.937093
똥강아지카페,카페,서울특별시,중랑구,서울특별시 중랑구 용마산로 248,화~일 12:00~20:00,Y,N,N,37.57520556,127.088485
라딧프로젝트 카페,카페,서울특별시,송파구,서울특별시 송파구 송파대로 450,"일~월 12:00~21:00, 화~금 13:00~21:00, 토12:00~22:00",Y,N,N,37.50685019,127.106151
라쿤카페 꾸꾸네,카페,서울특별시,종로구,서울특별시 종로구 대명길 26,화~일 13:30~21:00,Y,N,N,37.58341822,127.000096
런닝독 응암점,카페,서울특별시,은평구,서울특별시 은평구 가좌로 251,매일 12:00~20:00,Y,N,N,37.59145765,126.915154
레이씨,카페,서울특별시,서대문구,서울특별시 서대문구 연희로15길 43,월~토 17:00~01:00,Y,Y,Y,37.56924738,126.929894
롯데뮤지엄,미술관,서울특별시,송파구,서울특별시 송파구 올림픽로 300,매일 10:30~20:00,N,N,Y,37.51375196,127.104447
롯데월드민속박물관,박물관,서울특별시,송파구,서울특별시 송파구 올림픽로 240,매일 11:00~20:00,N,N,Y,37.51130961,127.098142
루프독,카페,서울특별시,노원구,서울특별시 노원구 동일로 1027,매일 09:00~21:00,Y,Y,N,37.6218244,127.073881
르쉬드서울,카페,서울특별시,송파구,서울특별시 송파구 위례성대로12길 18,매일 07:30~22:00,Y,N,Y,37.51207315,127.121824
리리앤펫,카페,서울특별시,강북구,서울특별시 강북구 한천로131길 33,목~화 09:00~22:00,Y,N,Y,37.63792536,127.026891
마이티그루밍,카페,서울특별시,강남구,서울특별시 강남구 논현로 613,월~토 10:00~20:00,Y,N,N,37.50851375,127.032936
마포다방,카페,서울특별시,마포구,서울특별시 마포구 홍익로5안길 47-5,매일 11:00~18:00,Y,N,Y,37.55281917,126.92081
마포새빛문화숲,여행지,서울특별시,마포구,,매일 00:00~24:00,N,Y,Y,37.54406242,126.919699
마포아트센터,문예회관,서울특별시,마포구,서울특별시 마포구 대흥로20길 28,"월~금 06:00~22:00, 토 07:00~21:00, 일 09:00~17:00",N,N,Y,37.54990609,126.945534
망원 휴개소,카페,서울특별시,마포구,서울특별시 마포구 희우정로 77,목~화 12:00~20:00,Y,N,N,37.55314381,126.90274
매로우,카페,서울특별시,도봉구,서울특별시 도봉구 덕릉로60다길 34,화~토 10:30~21:30,Y,N,Y,37.63759741,127.039102
매헌시민의숲,여행지,서울특별시,서초구,서울특별시 서초구 매헌로 99,매일 00:00~24:00,N,Y,Y,37.4730498,127.036977
매헌윤봉길의사기념관,박물관,서울특별시,서초구,서울특별시 서초구 매헌로 99,"화~일 하절기 10:00~18:00, 동절기 10:00~17:00",N,N,Y,37.4730498,127.036977
멍멍벅스,카페,서울특별시,마포구,서울특별시 마포구 잔다리로6길 28-1,매일 11:00~21:00,Y,Y,N,37.55205953,126.92066
멍멍이 다방,카페,서울특별시,강서구,서울특별시 강서구 화곡로 117-1,화~일 12:00~22:00,Y,N,Y,37.54044768,126.834881
멍박스24 애견셀프목욕 무인카페,카페,서울특별시,성북구,서울특별시 성북구 보문로34길 39,매일 00:00~24:00,Y,N,Y,37.59076885,127.017458
메이킷,카페,서울특별시,강남구,서울특별시 강남구 삼성로 535,월~토 08:00~18:00,Y,N,Y,37.50961727,127.054664
명인박물관,박물관,서울특별시,종로구,서울특별시 종로구 북촌로6길 1,화~토 10:00~18:00,N,N,Y,37.58016659,126.985186
모스가든,카페,서울특별시,강남구,서울특별시 강남구 논현로139길 12,매일 08:30~22:00,Y,N,Y,37.51668679,127.028327
목인박물관 목석원,박물관,서울특별시,종로구,서울특별시 종로구 창의문로5다길 27-4,화~일 10:30~19:00,N,N,Y,37.58853365,126.962969
몽스낵,카페,서울특별시,도봉구,서울특별시 도봉구 우이천로 333,화~일 11:00~20:00,Y,N,N,37.64653232,127.026339
무스커피,카페,서울특별시,송파구,서울특별시 송파구 가락로42길 12,매일 09:00~22:00,Y,Y,Y,37.51214973,127.12068
문화비축기지,여행지,서울특별시,마포구,서울특별시 마포구 증산로 87,매일 00:00~24:00,N,Y,Y,37.57034669,126.895031
밀루앤라떼,카페,서울특별시,마포구,서울특별시 마포구 토정로 27,매일 09:00~22:00,Y,Y,Y,37.54573429,126.913902
밀알미술관,미술관,서울특별시,강남구,서울특별시 강남구 일원로 90,매일 9:30~17:00,N,N,Y,37.48578186,127.082072
바잇미,카페,서울특별시,강남구,서울특별시 강남구 논현로175길 101-3,매일 12:00~21:00,Y,Y,Y,37.52256677,127.021258
박을복자수박물관,박물관,서울특별시,강북구,서울특별시 강북구 삼양로149가길 53,월~금 12:00~17:00,N,N,Y,37.65381553,127.008489
반려문화,카페,서울특별시,강남구,서울특별시 강남구 언주로133길 23,매일 10:00~21:30,Y,Y,Y,37.51596415,127.03329
반포 한강공원,여행지,서울특별시,서초구,서울특별시 서초구 신반포로11길 40,매일 00:00~24:00,N,Y,Y,37.50769397,126.992731
발바닥공원,여행지,서울특별시,도봉구,서울특별시 도봉구 시루봉로6길 33,매일 00:00~24:00,N,Y,N,37.65960856,127.029715
방이동고분군,여행지,서울특별시,송파구,서울특별시 송파구 오금로 227,매일 06:00~20:00,N,Y,N,37.50712613,127.118957
배재학당역사박물관,박물관,서울특별시,중구,서울특별시 중구 서소문로11길 19,화~토 10:00~17:00,N,N,Y,37.56378783,126.972089
배추공주와페키들의감성놀이터,카페,서울특별시,동작구,서울특별시 동작구 상도로58길 4,매일 15:00~21:00,Y,N,N,37.49591989,126.953041
백범김구기념관,박물관,서울특별시,용산구,서울특별시 용산구 임정로 26,화~일 10:00~18:00,N,N,Y,37.54427794,126.959253
버클리커피소셜,카페,서울특별시,용산구,서울특별시 용산구 회나무로13가길 17,매일 08:00~21:00,Y,N,N,37.54097919,126.99054
번동숲속카페,카페,서울특별시,강북구,서울특별시 강북구 오현로 199-17,월~토 11:00~21:00,Y,N,N,37.62958215,127.039112
벌스데이,카페,서울특별시,송파구,서울특별시 송파구 백제고분로45길 4-21,매일 12:00~22:00,Y,N,N,37.51003227,127.111338
별개애견호텔,카페,서울특별시,양천구,서울특별시 양천구 지양로 85,매일 10:00~20:00,Y,N,Y,37.52268953,126.832589
보나장신구박물관,박물관,서울특별시,종로구,서울특별시 종로구 인사동9길 9,"화~토 10:30~18:30, 일 12:00~18:00",N,N,Y,37.57357736,126.984552
보라매공원 반려견놀이터,여행지,서울특별시,동작구,서울특별시 동작구 여의대방로20길 33,매일 00:00~24:00,N,Y,Y,37.49489212,126.919491
북서울꿈의숲,여행지,서울특별시,강북구,서울특별시 강북구 월계로 173,매일 00:00~24:00,N,Y,Y,37.62025446,127.044325
북촌동양문화박물관,박물관,서울특별시,종로구,서울특별시 종로구 북촌로11길 76,화~일 10:30~19:00,N,N,Y,37.58399035,126.98337
북촌문화센터,여행지,서울특별시,종로구,서울특별시 종로구 계동길 37,"월~금 9:00~18:00, 토~일 9:00~17:00",N,Y,Y,37.57908833,126.986276
북촌박물관,박물관,서울특별시,종로구,서울특별시 종로구 북촌로 39,"월~금 10:00~18:00, 토 10:00~18:00",N,N,Y,37.58043233,126.984767
북촌생활사박물관,박물관,서울특별시,종로구,서울특별시 종로구 북촌로5나길 90,"화~일 하절기 10:00~18:00, 동절기 11:00~17:00",N,N,Y,37.58449548,126.982997
분카샤,카페,서울특별시,중구,서울특별시 중구 을지로14길 20,매일 12:00~23:00,Y,N,N,37.56532931,126.992033
불교중앙박물관,박물관,서울특별시,종로구,서울특별시 종로구 우정국로 55,"화~일 하절기 10:00~18:00, 동절기 10:00~17:00",N,N,Y,37.57389314,126.981882
브이센터 더 라이브 뮤지엄,박물관,서울특별시,강동구,서울특별시 강동구 아리수로61길 103,토~일 11:00~18:00,N,N,Y,37.56539313,127.147715
블랙노우즈 카페,카페,서울특별시,강남구,서울특별시 강남구 선릉로 402,매일 09:00~22:00,Y,N,N,37.50079968,127.051008
빈터커피바,카페,서울특별시,강남구,서울특별시 강남구 강남대로162길 41-22,월~토 09:00~21:00,Y,N,N,37.52207063,127.021067
빙하기,카페,서울특별시,마포구,서울특별시 마포구 포은로 86-1,수~월 12:00~22:00,Y,N,N,37.554773,126.905412
빼꼼하우스,카페,서울특별시,마포구,서울특별시 마포구 독막로8길 15-6,화~일 11:00~21:00,Y,Y,Y,37.54700048,126.918232
사비나미술관,미술관,서울특별시,은평구,서울특별시 은평구 진관1로 93,화~일 09:30~18:30,N,Y,Y,37.63012857,126.929276
사직커피,카페,서울특별시,종로구,서울특별시 종로구 사직로 49-4,매일 11:30~22:00,Y,N,N,37.5738226,126.965057
삼성미술관 Leeum,미술관,서울특별시,용산구,서울특별시 용산구 이태원로55길 60-16,매일 10:30~18:00,N,N,Y,37.53846127,126.999294
삼성출판박물관,박물관,서울특별시,종로구,서울특별시 종로구 비봉길 2-2,월~금 10:00~17:00,N,N,Y,37.60869773,126.957076
삼육대학교박물관,박물관,서울특별시,노원구,서울특별시 노원구 화랑로 815,"월~목 10:00~16:00, 금 10:00~14:00",N,N,Y,37.64335737,127.10885
상명대학교박물관,박물관,서울특별시,종로구,서울특별시 종로구 평창문화로 151,월~금 10:00~17:00,N,N,Y,37.61058458,126.975762
상원미술관,미술관,서울특별시,종로구,서울특별시 종로구 평창31길 27,화~토 10:30~17:30,N,N,N,37.61162836,126.976569
샬트르 성 바오로 수녀회 역사박물관,박물관,서울특별시,중구,서울특별시 중구 명동길 74-2,수~일 09:30~16:30,N,N,Y,37.56222799,126.987827
서대문구자연사박물관,박물관,서울특별시,서대문구,서울특별시 서대문구 연희로32길 51,"3~10월 화~금 09:00~18:00, 토 09:00~19:00, 11~2월 화~금 09:00~17:00, 토 09:00~18:00",N,N,Y,37.57675199,126.937858
서대문문화체육회관,문예회관,서울특별시,서대문구,서울특별시 서대문구 백련사길 39,월~금 09:00~18:00,N,N,Y,37.58075973,126.931557
서대문형무소역사관,박물관,서울특별시,서대문구,서울특별시 서대문구 통일로 251,"화~일 하절기 09:30~18:00, 동절기 09:30~17:00",N,N,Y,37.57460851,126.955612
서소문성지 역사박물관,박물관,서울특별시,중구,서울특별시 중구 칠패로 5,화~일 09:30~17:30,N,N,Y,37.56056785,126.968867
서울과학기술대학교 미술관,미술관,서울특별시,노원구,서울특별시 노원구 공릉로 232,매일 9:00~18:00,N,N,Y,37.63307893,127.076795
서울교육박물관,박물관,서울특별시,종로구,서울특별시 종로구 북촌로5길 48,"월~금 09:00~18:00, 토~일 09:00~17:00",N,Y,Y,37.58126545,126.98387
서울대학교 치의학대학원 치의학박물관,박물관,서울특별시,종로구,서울특별시 종로구 대학로 101,월~금 10:00~17:00,N,N,Y,37.58045239,126.997196
서울대학교미술관,미술관,서울특별시,관악구,서울특별시 관악구 관악로 1,화~일 10:00~18:00,N,N,Y,37.46803806,126.959294
서울대학교병원 의학박물관,박물관,서울특별시,종로구,서울특별시 종로구 대학로 101,월~금 10:00~17:00,N,N,Y,37.58045239,126.997196
서울상상나라,박물관,서울특별시,광진구,서울특별시 광진구 능동로 216,화~일 10:00~18:00,N,N,Y,37.5520117,127.078772
서울생활사박물관 분관,박물관,서울특별시,노원구,서울특별시 노원구 동일로174길 27,화~일 9:00~18:00,N,N,Y,37.62017392,127.076936
서울서예박물관,미술관,서울특별시,서초구,서울특별시 서초구 남부순환로 2406,화~일 10:00~19:00,N,N,Y,37.4802402,127.014215
서울숲,여행지,서울특별시,성동구,서울특별시 성동구 뚝섬로 273,매일 05:30~21:30,N,Y,Y,37.54307015,127.041799
서울시립대학교박물관,박물관,서울특별시,동대문구,서울특별시 동대문구 서울특별시시립대로 163,월~금 10:00~17:00,N,N,Y,37.58257758,127.059988
서울시립미술관,미술관,서울특별시,중구,서울특별시 중구 덕수궁길 61,화~일 10:00~20:00,N,N,Y,37.56410607,126.973699
서울식물원,여행지,서울특별시,강서구,서울특별시 강서구 마곡동로 161,매일 09:30~18:00,N,Y,Y,37.57224441,126.832843
서울약령시한의약박물관,박물관,서울특별시,동대문구,서울특별시 동대문구 약령중앙로 26,"매일 하절기 10:00~18:00, 동절기 10:00~17:00",N,N,Y,37.58060041,127.037587
서울여자대학교박물관,박물관,서울특별시,노원구,서울특별시 노원구 화랑로 621,월~금 10:00~17:00,N,N,Y,37.62878266,127.088992
서울역사박물관 본관,박물관,서울특별시,종로구,서울특별시 종로구 새문안로 55,화~일 9:00~18:00,N,N,Y,37.57049685,126.971075
서울올림픽기념관,박물관,서울특별시,송파구,서울특별시 송파구 올림픽로 424,정보없음,N,N,Y,37.5203397,127.115518
서울우리소리박물관,박물관,서울특별시,종로구,서울특별시 종로구 율곡로 96,"화~금, 일 09:00~18:00, 토 09:00~19:00",N,N,Y,37.57715793,126.989622
서초문화예술회관,문예회관,서울특별시,서초구,서울특별시 서초구 강남대로 201,"월~금 09:00~22:00, 토 09:00~18:00",N,N,Y,37.48182784,127.035957
석조전 대한제국역사관,박물관,서울특별시,중구,서울특별시 중구 세종대로 99,화~일 09:30~16:30,N,N,Y,37.56608683,126.973726
선데이사운즈,카페,서울특별시,용산구,서울특별시 용산구 두텁바위로37길 6,화~일 12:00~20:00,Y,N,N,37.54744856,126.981548
선유도근린공원,여행지,서울특별시,영등포구,서울특별시 영등포구 선유로 343,매일 06:00~24:00,N,Y,Y,37.54238323,126.901819
성곡미술관,미술관,서울특별시,종로구,서울특별시 종로구 경희궁길 42,화~일 10:00~18:00,N,N,Y,37.57351051,126.969704
성균관대학교박물관,박물관,서울특별시,종로구,서울특별시 종로구 성균관로 25-2,월~금 10:00~16:00,N,N,Y,37.58722841,126.993115
성북구립미술관,미술관,서울특별시,성북구,서울특별시 성북구 성북로 134,화~일 10:00~18:00,N,Y,N,37.5948372,126.994887
성북선잠박물관,박물관,서울특별시,성북구,서울특별시 성북구 성북로 96,화~일 10:00~18:00,N,N,Y,37.5932329,126.99822
성수종합사회복지회관,문예회관,서울특별시,성동구,서울특별시 성동구 뚝섬로1길 43,매일 09:00~18:00,N,N,Y,37.54542883,127.046948
성신여자대학교 자연사박물관,박물관,서울특별시,강북구,서울특별시 강북구 도봉로76가길 55,월~금 10:00~17:00,N,N,Y,37.632038,127.027124
성신여자대학교 정원박광훈복식박물관,박물관,서울특별시,강북구,서울특별시 강북구 도봉로76가길 55,일~금 10:00~17:00,N,N,Y,37.632038,127.027124
성신여자대학교박물관,박물관,서울특별시,성북구,서울특별시 성북구 보문로34다길 2,월~금 10:00~17:00,N,N,Y,37.59165248,127.022146
세계골프역사박물관,박물관,서울특별시,강남구,서울특별시 강남구 테헤란로 528,월~토 10:00~17:00,N,N,Y,37.50809527,127.062
세계장신구박물관,박물관,서울특별시,종로구,서울특별시 종로구 북촌로5나길 2,매일 10:00~18:00,N,N,Y,37.5809772,126.981806
세종대학교박물관,박물관,서울특별시,광진구,서울특별시 광진구 능동로 209,월~금 10:00~15:00,N,N,Y,37.55160814,127.073183
세종문화회관 미술관,미술관,서울특별시,종로구,서울특별시 종로구 세종대로 175,화~일 10:30~20:00,N,N,Y,37.57184786,126.976168
세화미술관,미술관,서울특별시,종로구,서울특별시 종로구 새문안로 68,화~일 10:00~18:00,N,N,Y,37.56964251,126.972139
소마미술관,미술관,서울특별시,송파구,서울특별시 송파구 올림픽로 424,화~일 10:00~18:00,N,N,Y,37.5203397,127.115518
소월아트홀,문예회관,서울특별시,성동구,서울특별시 성동구 왕십리로 281,매일 09:00~18:00,N,N,Y,37.55931111,127.036007
소월집,카페,서울특별시,용산구,서울특별시 용산구 소월로44길 41,매일 10:00~19:00,Y,N,Y,37.54112215,126.992778
손기정기념관,박물관,서울특별시,중구,서울특별시 중구 손기정로 101,"화~일 하절기 10:00~18:00, 동절기 10:00~17:00",N,N,Y,37.5554795,126.964816
송파책박물관,박물관,서울특별시,송파구,서울특별시 송파구 송파대로37길 77,화~일 10:00~18:00,N,N,Y,37.49888418,127.104383
쇳대박물관,박물관,서울특별시,종로구,서울특별시 종로구 이화장길 100,화~토 10:00~18:00,N,N,Y,37.57980424,127.004617
숙명여자대학교 문신미술관,미술관,서울특별시,용산구,서울특별시 용산구 청파로47길 100,월~금 10:00~17:00,N,N,Y,37.54547408,126.965074
숙명여자대학교 정영양자수박물관,박물관,서울특별시,용산구,서울특별시 용산구 청파로47길 100,월~금 10:00~17:00,N,N,Y,37.54547408,126.965074
숙명여자대학교박물관,박물관,서울특별시,용산구,서울특별시 용산구 청파로47길 100,월~금 10:00~17:00,N,N,Y,37.54547408,126.965074
숭실대학교 한국기독교박물관,박물관,서울특별시,동작구,서울특별시 동작구 상도로 369,월~금 10:00~16:30,N,N,Y,37.49642897,126.955158
쉼박물관,박물관,서울특별시,종로구,서울특별시 종로구 세검정로 209-17,화~일 10:00~18:00,N,N,Y,37.59950369,126.955678
슬로우포레스트,카페,서울특별시,종로구,서울특별시 종로구 삼청로5길 20,매일 12:00~19:00,Y,Y,N,37.58281605,126.98078
신문박물관 PRESSEUM,박물관,서울특별시,종로구,서울특별시 종로구 세종대로 152,화~일 10:00~18:30,N,N,Y,37.56986776,126.977657
써니네애견카페,카페,서울특별시,마포구,서울특별시 마포구 양화로18안길 16,매일 13:00~22:00,Y,N,Y,37.55672181,126.92548
썸이프,카페,서울특별시,강동구,서울특별시 강동구 강동대로53길 50,화~일 11:30~22:00,Y,N,Y,37.52492334,127.132452
아라리오뮤지엄 인 스페이스,미술관,서울특별시,종로구,서울특별시 종로구 율곡로 83,화~일 10:00~19:00,N,N,Y,37.5777622,126.988358
아르코미술관,미술관,서울특별시,종로구,서울특별시 종로구 동숭길 3,화~토 11:00~19:00,N,N,Y,37.58050229,127.003256
아망도그플레이스,카페,서울특별시,송파구,서울특별시 송파구 오금로 479,매일 11:00~22:00,Y,N,Y,37.49425991,127.142522
아모레퍼시픽미술관,미술관,서울특별시,용산구,서울특별시 용산구 한강대로 100,화~일 10:00~18:00,N,N,Y,37.52879118,126.968674
아시아공원,여행지,서울특별시,송파구,서울특별시 송파구 올림픽로 44,매일 00:00~24:00,N,Y,Y,37.51068239,127.075937
아이라이크마운틴,카페,서울특별시,용산구,서울특별시 용산구 대사관로6가길 9,매일 10:00~19:00,Y,N,Y,37.53303616,126.998938
아차산생태공원,여행지,서울특별시,광진구,서울특별시 광진구 워커힐로 127,매일 00:00~24:00,N,Y,Y,37.55189708,127.101246
아트센터 나비 미술관,미술관,서울특별시,종로구,서울특별시 종로구 종로 26,월~금 11:00~18:00,N,N,Y,37.56969128,126.980304
안중근의사기념관,박물관,서울특별시,중구,서울특별시 중구 소월로 91,"화~일 하절기 10:00~18:00, 동절기 10:00~17:00",N,N,Y,37.55346849,126.980404
안티 스트레스,카페,서울특별시,용산구,서울특별시 용산구 이태원로20가길 9-7,매일 12:00~23:00,Y,N,N,37.53380153,126.992876
알베르,카페,서울특별시,강남구,서울특별시 강남구 강남대로102길 34,매일 10:00~23:00,Y,Y,N,37.50305653,127.028103
암사동선사유적박물관,박물관,서울특별시,강동구,서울특별시 강동구 올림픽로 875,화~일 09:30~18:00,N,N,Y,37.55985237,127.130833
애견샵서울리버티벨,카페,서울특별시,강동구,서울특별시 강동구 양재대로 1410,정보없음,Y,N,Y,37.53174182,127.138141
애견카페히릿 건대점,카페,서울특별시,광진구,서울특별시 광진구 광나루로 404,매일 12:00~22:00,Y,N,N,37.5469693,127.074406
애니멀고파크 논현점,카페,서울특별시,강남구,서울특별시 강남구 봉은사로47길 59,매일 10:00~21:00,Y,N,N,37.51356096,127.039785
앵두나무카페,카페,서울특별시,강북구,서울특별시 강북구 덕릉로40다길 33-38,수~월 11:00~20:00,Y,Y,Y,37.6331589,127.029817
양재천근린공원,여행지,서울특별시,서초구,,매일 00:00~24:00,N,Y,Y,37.47662396,127.041508
양천문화회관,문예회관,서울특별시,양천구,서울특별시 양천구 목동서로 367,매일 09:00~18:00,N,N,Y,37.51652093,126.86334
어라운드데이,카페,서울특별시,성동구,서울특별시 성동구 서울특별시숲2길 24-1,매일 12:00~21:00,Y,Y,N,37.54686967,127.041271
에스피온,카페,서울특별시,강남구,서울특별시 강남구 삼성로71길 45,"월~금 07:00~17:00, 토~일 08:00~18:00",Y,N,Y,37.50116337,127.055313
에이아이,카페,서울특별시,강남구,서울특별시 강남구 강남대로110길 32,정보없음,Y,N,N,37.50367855,127.027484
엔트런스,카페,서울특별시,서초구,서울특별시 서초구 사임당로19길 72-3,화~일 10:00~20:00,Y,N,N,37.49244178,127.019046
여의도 이랜드크루즈,여행지,서울특별시,영등포구,서울특별시 영등포구 여의동로 290,시설에 따라 변동,N,Y,Y,37.52581426,126.93841
연세대학교박물관,박물관,서울특별시,서대문구,서울특별시 서대문구 연세로 50,월~토 09:30~17:00,N,N,Y,37.56380644,126.942931
영등포아트홀,문예회관,서울특별시,영등포구,서울특별시 영등포구 국회대로 596,월~금 09:00~20:00,N,N,Y,37.52600873,126.900109
영인문학관,박물관,서울특별시,종로구,서울특별시 종로구 평창30길 81,월 10:30~17:00,N,Y,Y,37.61189247,126.971758
오금근린공원,여행지,서울특별시,송파구,서울특별시 송파구 오금로 363,매일 00:00~24:00,N,Y,Y,37.50519118,127.131653
오늘 카페,카페,서울특별시,서초구,서울특별시 서초구 명달로4길 4,매일 10:00~22:00,Y,N,Y,37.47984643,127.006088
오늘맑음,카페,서울특별시,강북구,서울특별시 강북구 4.19로17길 14-1,매일 11:00~21:00,Y,Y,Y,37.6442841,127.005668
오성리,카페,서울특별시,강북구,서울특별시 강북구 삼양로73가길 3,수~월 11:00~22:00,Y,N,Y,37.62939777,127.017455
올드페리도넛,카페,서울특별시,용산구,서울특별시 용산구 한남대로27길 66,수~월 11:00~20:30,Y,N,N,37.53959965,127.003
올림픽공원,여행지,서울특별시,송파구,서울특별시 송파구 올림픽로 424,매일 05:00~22:00,N,Y,Y,37.5203397,127.115518
올웨이즈온,카페,서울특별시,서초구,서울특별시 서초구 방배천로2안길 45,매일 11:00~22:00,Y,N,N,37.47901295,126.983814
와이낫,카페,서울특별시,강북구,서울특별시 강북구 수유로 59,매일 08:30~24:00,Y,N,N,37.63592644,127.020073
용마랜드,여행지,서울특별시,중랑구,서울특별시 중랑구 망우로70길 118,매일 10:00~18:00,N,Y,Y,37.59451469,127.10453
용마폭포공원,여행지,서울특별시,중랑구,서울특별시 중랑구 용마산로 250,매일 00:00~24:00,N,Y,Y,37.57492985,127.088973
용산가족공원,여행지,서울특별시,용산구,서울특별시 용산구 서빙고로 137,매일 00:00~24:00,N,Y,Y,37.52470224,126.97774
용산아트홀,문예회관,서울특별시,용산구,서울특별시 용산구 녹사평대로 150,전시공연에 따라 변동,N,N,Y,37.53245229,126.990479
우리옛돌박물관,박물관,서울특별시,성북구,서울특별시 성북구 대사관로13길 66,"화~금 10:00~17:00, 토~일, 법정공휴일 10:00~18:00",N,N,Y,37.60089696,126.990134
우리은행 은행사박물관,박물관,서울특별시,중구,서울특별시 중구 소공로 51,월~토 10:00~18:00,N,N,Y,37.55943907,126.981751
우석뮤지엄,박물관,서울특별시,서대문구,서울특별시 서대문구 신촌로 129,"화~금 10:00~17:00, 토~일 11:00~19:00",N,N,Y,37.55656393,126.940328
우이천 벚꽃길 산책로,여행지,서울특별시,도봉구,서울특별시 도봉구 우이천로20길 7,매일 00:00~24:00,N,Y,N,37.64173321,127.034772
원인어밀리언,카페,서울특별시,용산구,서울특별시 용산구 이태원로54길 31,매일 11:00~23:00,Y,N,N,37.5370311,127.001951
월드컵공원,여행지,서울특별시,마포구,서울특별시 마포구 하늘공원로 86,매일 00:00~24:00,N,Y,Y,37.57159797,126.881674
월드컵공원반려견놀이터,여행지,서울특별시,마포구,서울특별시 마포구 증산로 32,매일 00:00~24:00,N,Y,Y,37.56410596,126.892347
유금와당박물관,박물관,서울특별시,종로구,서울특별시 종로구 창의문로11가길 4,화~토 10:00~17:00,N,N,Y,37.59372003,126.962658
유리지공예관,미술관,서울특별시,서초구,서울특별시 서초구 중앙로 555,화~일 11:00~17:00,N,N,Y,37.45775784,127.012354
율현공원,여행지,서울특별시,강남구,,매일 00:00~24:00,N,Y,Y,37.47252883,127.115295
은평문화예술회관,문예회관,서울특별시,은평구,서울특별시 은평구 녹번동 85-4,"월~금 09:00~21:00, 토 09:00~18:00",N,N,Y,37.60369969,126.927902
은평역사한옥박물관,박물관,서울특별시,은평구,서울특별시 은평구 연서로50길 8,화~일 09:00~18:00,N,Y,Y,37.64033363,126.938008
이화마을,여행지,서울특별시,종로구,서울특별시 종로구 이화장길 70-11,매일 00:00~24:00,N,Y,Y,37.57868429,127.005078
이화박물관,박물관,서울특별시,중구,서울특별시 중구 정동길 26,화~토 10:00~17:00,N,N,Y,37.56617664,126.971324
이화여자대학교 자연사박물관,박물관,서울특별시,서대문구,서울특별시 서대문구 이화여대길 52,"월~금 09:30~17:00, 문화가있는날 09:30~19:00",N,N,Y,37.56446452,126.950289
이화여자대학교박물관,박물관,서울특별시,서대문구,서울특별시 서대문구 이화여대길 52,월~금 10:00~16:00,N,N,Y,37.56446452,126.950289
인덕대학교 아정미술관,미술관,서울특별시,노원구,서울특별시 노원구 초안산로 12,월~금 10:00~17:00,N,N,Y,37.63034387,127.0545
인솔커피 상수점,카페,서울특별시,마포구,서울특별시 마포구 독막로18길 16,매일 11:00~21:00,Y,Y,Y,37.54712081,126.923552
인투고,카페,서울특별시,용산구,서울특별시 용산구 신흥로 45,정보없음,Y,N,N,37.54249833,126.987323
일민미술관,미술관,서울특별시,종로구,서울특별시 종로구 세종대로 152,화~일 11:00~19:00,N,N,Y,37.56986776,126.977657
일자산자연공원,여행지,서울특별시,강동구,서울특별시 강동구 동남로 660,매일 00:00~24:00,N,Y,Y,37.53301963,127.151356
입양뜰,카페,서울특별시,관악구,서울특별시 관악구 난우2길 9,매일 10:00~21:00,Y,N,N,37.47343267,126.919425
자하미술관,미술관,서울특별시,종로구,서울특별시 종로구 창의문로5가길 46,화~일 10:00~18:00,N,N,Y,37.58937711,126.960306
재단법인 세종문화회관,문예회관,서울특별시,종로구,서울특별시 종로구 세종대로 175,매일 10:00~20:00,N,N,Y,37.57184786,126.976168
재단법인 한원미술관,미술관,서울특별시,서초구,서울특별시 서초구 남부순환로 2423,화~토 10:00~18:00,N,N,Y,37.48178113,127.015436
전기박물관,박물관,서울특별시,서초구,서울특별시 서초구 효령로72길 60,화~일 10:00~18:00,N,N,Y,37.48560466,127.028079
전설의강아지,카페,서울특별시,강남구,서울특별시 강남구 선릉로115길 22,토~일 08:30~21:30,Y,N,Y,37.51201752,127.041166
전쟁과여성인권박물관,박물관,서울특별시,마포구,서울특별시 마포구 월드컵북로11길 20,화~토 10:00~18:00,N,N,Y,37.56009763,126.914887
전쟁기념관,박물관,서울특별시,용산구,서울특별시 용산구 이태원로 29,화~일 09:30~18:00,N,N,Y,37.53731405,126.978466
정다방 카페,카페,서울특별시,강남구,서울특별시 강남구 테헤란로30길 31,매일 08:00~20:00,Y,Y,Y,37.49925201,127.040044
종로구립 고희동미술관,미술관,서울특별시,종로구,서울특별시 종로구 창덕궁5길 40,화~일 10:00~18:00,N,Y,Y,37.58318551,126.988885
종로구립 박노수미술관,미술관,서울특별시,종로구,서울특별시 종로구 옥인1길 34,화~일 10:00~18:00,N,N,N,37.5813192,126.966819
종로구민회관,문예회관,서울특별시,종로구,서울특별시 종로구 지봉로5길 7-5,전시공연에 따라 변동,N,N,Y,37.57350028,127.014366
종로문화체육센터 광화문아트홀,문예회관,서울특별시,종로구,서울특별시 종로구 인왕산로1길 21,매일 06:00~22:00,N,N,Y,37.57420982,126.964661
종이나라박물관,박물관,서울특별시,중구,서울특별시 중구 장충단로 166,월~토 09:30~18:00,N,N,Y,37.55964972,127.006154
중랑캠핑숲잔디광장,여행지,서울특별시,중랑구,서울특별시 중랑구 송림길 172,매일 00:00~24:00,N,Y,Y,37.60686128,127.110697
지니앤독,카페,서울특별시,관악구,서울특별시 관악구 남부순환로 1674,"월, 수~금 15:00~21:30, 토~일 14:00~21:30",Y,N,Y,37.484358,126.936501
진쇼니샵,카페,서울특별시,서초구,서울특별시 서초구 강남대로97길 23,매일 12:00~22:00,Y,N,N,37.51446227,127.018471
짚풀생활사박물관,박물관,서울특별시,종로구,서울특별시 종로구 성균관로4길 45,화~토 10:00~17:00,N,N,Y,37.58490585,126.999843
차르도르,카페,서울특별시,관악구,서울특별시 관악구 보라매로 17,매일 10:00~21:00,Y,N,N,37.49102821,126.926927
청계천박물관 분관,박물관,서울특별시,성동구,서울특별시 성동구 청계천로 530,화~일 09:00~18:00,N,N,Y,37.57126617,127.035043
청와대,여행지,서울특별시,종로구,서울특별시 종로구 청와대로 1,매일 07:00~19:00,N,Y,Y,37.58647569,126.974937
청춘고양이카페,카페,서울특별시,마포구,서울특별시 마포구 양화로6길 79,매일 13:00~21:00,Y,N,N,37.54854519,126.918683
초안산근린공원 반려견 놀이터,여행지,서울특별시,도봉구,,매일 10:00~19:00,N,Y,Y,37.64529446,127.043146
초안산생태공원,여행지,서울특별시,도봉구,,매일 00:00~24:00,N,Y,N,37.64717178,127.045951
초전섬유퀼트박물관,박물관,서울특별시,중구,서울특별시 중구 퇴계로18길 66,월~토 10:00~17:00,N,N,Y,37.55812812,126.98423
춘원당한의약박물관,박물관,서울특별시,종로구,서울특별시 종로구 돈화문로9길 27,월~토 09:00~18:00,N,N,Y,37.57150054,126.990242
충무아트센터,문예회관,서울특별시,중구,서울특별시 중구 퇴계로 387,월~금 09:30~18:30,N,N,Y,37.56594097,127.014791
카카오독 애견카페,카페,서울특별시,강서구,서울특별시 강서구 곰달래로60길 33,"화, 목~일 13:00~18:00",Y,N,Y,37.53079464,126.86329
카페 구할구 남산,카페,서울특별시,중구,서울특별시 중구 퇴계로20길 73,매일 10:00~22:00,Y,N,N,37.55820982,126.987009
카페 달세뇨,카페,서울특별시,강북구,서울특별시 강북구 수유로 59-1,토~수 12:00~21:00,Y,N,N,37.63597462,127.020239
카페 드 에덴,카페,서울특별시,서대문구,서울특별시 서대문구 포방터길 23,수~월 09:00~19:00,Y,N,N,37.59781258,126.948693
카페 베이지크,카페,서울특별시,광진구,서울특별시 광진구 뚝섬로24길 21,매일 10:30~18:00,Y,N,Y,37.5354829,127.063462
카페 아리네,카페,서울특별시,양천구,서울특별시 양천구 목동동로 222-11,매일 11:00~23:00,Y,N,Y,37.52537042,126.872716
카페 어질리티,카페,서울특별시,강동구,서울특별시 강동구 양재대로 1355,매일 10:00~20:00,Y,Y,Y,37.52739525,127.135616
카페 퍼블리코,카페,서울특별시,동작구,서울특별시 동작구 상도로 47,매일 11:00~19:30,Y,N,Y,37.49994263,126.925834
카페 하울링,카페,서울특별시,마포구,서울특별시 마포구 와우산로 170,매일 11:00~05:00,Y,N,N,37.55585821,126.931122
카페700,카페,서울특별시,강서구,서울특별시 강서구 곰달래로 104,매일 13:00~22:00,Y,N,Y,37.53030598,126.844331
카페멍 목동점,카페,서울특별시,양천구,서울특별시 양천구 오목로 337,매일 12:00~22:00,Y,N,Y,37.52480354,126.874938
카페무네,카페,서울특별시,종로구,서울특별시 종로구 자하문로 258,매일 11:00~21:00,Y,N,N,37.59729057,126.963544
카페문나잇,카페,서울특별시,강북구,서울특별시 강북구 솔매로50길 7,수~일 11:30~21:00,Y,N,N,37.62613743,127.027145
카페미미콩,카페,서울특별시,강동구,서울특별시 강동구 명일로10길 9,정보없음,Y,N,Y,37.53189543,127.144544
카페버킨,카페,서울특별시,마포구,서울특별시 마포구 양화로6길 28,매일 11:00~22:00,Y,N,N,37.54890587,126.915615
카페식스,카페,서울특별시,마포구,서울특별시 마포구 와우산로29라길 19,매일 12:00~20:00,Y,N,N,37.55497151,126.927023
카페씨멘트,카페,서울특별시,마포구,서울특별시 마포구 희우정로20길 72,매일 11:00~22:00,Y,Y,Y,37.55609447,126.904267
카페앤드에이,카페,서울특별시,마포구,서울특별시 마포구 토정로11길 54,매일 10:00~20:00,Y,Y,Y,37.54602569,126.923763
카페엔바이콘 카페,카페,서울특별시,강남구,서울특별시 강남구 도산대로 130,매일 07:00~21:00,Y,N,Y,37.51718945,127.022974
카페일월십일,카페,서울특별시,양천구,서울특별시 양천구 목동중앙남로9길 41,매일 10:00~24:00,Y,N,Y,37.53787136,126.864147
카페커피는,카페,서울특별시,송파구,서울특별시 송파구 토성로15길 15-8,일~금 10:00~21:00,Y,N,Y,37.53053481,127.117432
카페희재,카페,서울특별시,송파구,서울특별시 송파구 백제고분로11길 6,매일 10:00~21:00,Y,N,N,37.50777404,127.080024
카페히든,카페,서울특별시,양천구,서울특별시 양천구 목동동로 222-6,매일 11:30~20:00,Y,Y,N,37.52531958,126.87219
커멍커멍,카페,서울특별시,강서구,서울특별시 강서구 강서로 385,매일 07:30~21:00,Y,N,Y,37.56009264,126.838304
커피에반하다 강동성내점,카페,서울특별시,강동구,서울특별시 강동구 천호옛길 96,매일 08:00~24:00,Y,N,N,37.53709752,127.126166
컵인더스튜디오,카페,서울특별시,광진구,서울특별시 광진구 아차산로25길 36,화~일 12:00~21:00,Y,N,Y,37.54293211,127.067355
케슬리 샌드위치,카페,서울특별시,노원구,서울특별시 노원구 상계로1길 74,수~월 10:00~21:00,Y,N,Y,37.65944318,127.061532
코리아나 화장박물관,박물관,서울특별시,강남구,서울특별시 강남구 언주로 827,월~금 11:00~17:00,N,N,Y,37.52407043,127.032812
코셔엘리푸드,카페,서울특별시,용산구,서울특별시 용산구 회나무로26길 43,일~목 08:00~17:30,Y,N,N,37.53856905,126.989942
코스모스상점,카페,서울특별시,성동구,서울특별시 성동구 성수이로7길 27,매일 11:00~20:00,Y,N,Y,37.54157394,127.053439
코코샌드 카페,카페,서울특별시,마포구,서울특별시 마포구 양화로23길 22-7,매일 12:00~22:00,Y,N,Y,37.55967262,126.925252
클리어스펫푸드,카페,서울특별시,마포구,서울특별시 마포구 동교로29길 48,정보없음,Y,N,N,37.56252547,126.922781
킨더독,카페,서울특별시,송파구,서울특별시 송파구 삼전로 53,토~일 12:00~20:00,Y,N,Y,37.50389477,127.087266
탄허기념불교박물관,박물관,서울특별시,강남구,서울특별시 강남구 밤고개로14길 13-51,화~일 10:00~17:00,N,N,Y,37.47898861,127.102812
테이블에이 본점,카페,서울특별시,마포구,서울특별시 마포구 와우산로 146,매일 12:00~22:00,Y,N,Y,37.5540614,126.929517
토탈미술관,미술관,서울특별시,종로구,서울특별시 종로구 평창32길 8,화~일 11:00~18:00,N,N,Y,37.61212183,126.975675
톨리커피,카페,서울특별시,노원구,서울특별시 노원구 상계로9나길 9,수~월 11:00~20:00,Y,N,N,37.66018884,127.068065
통인1939,펜션,서울특별시,종로구,서울특별시 종로구 자하문로 33-7,매일 15:00~12:00,Y,Y,Y,37.57897275,126.970957
투테일즈 수제간식,카페,서울특별시,성동구,서울특별시 성동구 성덕정길 33,화~일 12:00~20:00,Y,N,N,37.53904486,127.04748
펠앤콜,카페,서울특별시,마포구,서울특별시 마포구 와우산로 39-21,매일 12:00~21:00,Y,N,N,37.54816344,126.922166
펫티 애견카페,카페,서울특별시,강서구,서울특별시 강서구 공항대로 222,매일 10:30~21:00,Y,Y,Y,37.55866871,126.832173
평강성서유물박물관,박물관,서울특별시,구로구,서울특별시 구로구 오류로8라길 44,"화~토 10:00~17:00, 일 13:00~17:00",N,N,Y,37.49195522,126.844061
평화의 공원,여행지,서울특별시,마포구,서울특별시 마포구 증산로 32,매일 00:00~24:00,N,Y,Y,37.56410596,126.892347
포동푸딩,카페,서울특별시,성동구,서울특별시 성동구 서울특별시숲2길 21,화~일 11:30~20:30,Y,N,N,37.54711357,127.041014
포스코미술관,미술관,서울특별시,강남구,서울특별시 강남구 테헤란로 440,월~금 10:00~18:00,N,N,Y,37.50581497,127.056131
포포앤미루 강동점,카페,서울특별시,강동구,서울특별시 강동구 양재대로89가길 30,수~월 13:00~21:00,Y,N,Y,37.52526883,127.134245
푸른수목원,여행지,서울특별시,구로구,서울특별시 구로구 연동로 240,매일 05:00~22:00,N,Y,Y,37.48196844,126.823669
프리독애견카페,카페,서울특별시,동작구,서울특별시 동작구 여의대방로22바길 2,화~일 11:00~21:00,Y,N,N,37.49756878,126.922925
피규어뮤지엄W,박물관,서울특별시,강남구,서울특별시 강남구 선릉로158길 3,화~일 11:00~19:00,N,N,Y,37.5257998,127.040387
필리필리,식당,서울특별시,강남구,서울특별시 강남구 학동로43길 38,월~토 11:00~21:00,N,Y,Y,37.51845805,127.038023
하늘공원,여행지,서울특별시,마포구,서울특별시 마포구 하늘공원로 95,매일 05:00~22:00,N,Y,Y,37.56907948,126.886318
하우디,카페,서울특별시,송파구,서울특별시 송파구 송이로 6,"월~토 10:00~21:00, 일 11:00~21:00",Y,N,Y,37.50395293,127.114997
한가람미술관,미술관,서울특별시,서초구,서울특별시 서초구 남부순환로 2406,화~일 10:00~19:00,N,N,Y,37.4802402,127.014215
한국가구박물관,박물관,서울특별시,성북구,서울특별시 성북구 대사관로 121,화~토 10:00~19:00,N,N,Y,37.60037831,126.993449
한국광고박물관,박물관,서울특별시,송파구,서울특별시 송파구 올림픽로35길 137,화~일 09:30~17:30,N,N,Y,37.51592726,127.099643
한국금융사박물관,박물관,서울특별시,중구,서울특별시 중구 세종대로 135-5,월~토 10:00~18:00,N,N,Y,37.56859523,126.976433
한국색동박물관,박물관,서울특별시,종로구,서울특별시 종로구 율곡로10길 85-7,화~일 10:00~18:00,N,N,Y,37.57388778,126.992091
한국영화박물관,박물관,서울특별시,마포구,서울특별시 마포구 월드컵북로 400,"화~금 10:30~18:30, 토~일 10:30~17:30",N,N,Y,37.58045107,126.889894
한국은행 화폐박물관,박물관,서울특별시,중구,서울특별시 중구 남대문로 39,화~일 10:00~17:00,N,N,Y,37.5625152,126.979724
한국잡지박물관,박물관,서울특별시,영등포구,서울특별시 영등포구 여의대방로67길 11,월~금 10:00~18:00,N,N,Y,37.51976516,126.930241
한국천주교순교자박물관,박물관,서울특별시,마포구,서울특별시 마포구 토정로 6,화~일 09:30~17:00,N,N,Y,37.54413544,126.911794
한국현대문학관,박물관,서울특별시,중구,서울특별시 중구 동호로 268,"월~금 10:00~17:00, 토 10:00~14:00",N,N,Y,37.55962115,127.004103
한남베르그,카페,서울특별시,용산구,서울특별시 용산구 이태원로54길 58,매일 11:00~22:00,Y,N,N,37.53597243,127.000958
한무숙문학관,박물관,서울특별시,종로구,서울특별시 종로구 혜화로9길 20,월~토 10:00~17:00,N,N,Y,37.58779037,126.998658
한미사진미술관,미술관,서울특별시,송파구,서울특별시 송파구 위례성대로 14,월~토 10:00~19:00,N,N,Y,37.51659259,127.113956
한성백제박물관,박물관,서울특별시,송파구,서울특별시 송파구 위례성대로 71,"화~일 3~10월 09:00~19:00, 11~2월 09:00~18:00",N,N,Y,37.51542872,127.120801
한스펌킨 쇼룸 카페,카페,서울특별시,서초구,서울특별시 서초구 양재천로 97,월~금 11:00~18:00,Y,Y,N,37.47623988,127.03988
한양대학교박물관,박물관,서울특별시,성동구,서울특별시 성동구 왕십리로 222,월~토 10:00~17:00,N,N,Y,37.55450355,127.046611
한양여자대학교 미술관,미술관,서울특별시,성동구,서울특별시 성동구 살곶이길 200,월~금 09:00~17:00,N,N,Y,37.55791759,127.049322
한익환서울아트박물관,박물관,서울특별시,용산구,서울특별시 용산구 한남대로 108,화~토 10:00~18:00,N,N,Y,37.53802824,127.004991
행복감,카페,서울특별시,서대문구,서울특별시 서대문구 연희로11가길 51,매일 11:00~20:00,Y,N,N,37.56634872,126.92755
향림근린공원,여행지,서울특별시,은평구,서울특별시 은평구 진관1로 40,매일 00:00~24:00,N,Y,N,37.63044073,126.923581
허준박물관,박물관,서울특별시,강서구,서울특별시 강서구 허준로 87,"화~일 하절기 10:00~18:00, 동절기 10:00~17:00",N,N,Y,37.56787245,126.851031
헌드레드일레븐,카페,서울특별시,서초구,서울특별시 서초구 서초대로 3-4,매일 08:00~22:00,Y,N,Y,37.48603179,126.983084
험블커피,카페,서울특별시,송파구,서울특별시 송파구 오금로38가길 33,"월~금 08:00~19:00, 토~일 09:00~19:00",Y,N,Y,37.49944981,127.126945
헬로우뮤지움,미술관,서울특별시,성동구,서울특별시 성동구 성수일로12길 20,수~일 10:00~18:00,N,N,Y,37.54817447,127.05325
혜곡최순우기념관,박물관,서울특별시,성북구,서울특별시 성북구 성북로15길 9,화~토 10:00~17:00,N,N,Y,37.59297685,127.00035
호림박물관 신림본관,박물관,서울특별시,관악구,서울특별시 관악구 남부순환로152길 53,화~금 10:00~17:00,N,N,Y,37.4808823,126.918236
호림박물관 신사분관,박물관,서울특별시,강남구,서울특별시 강남구 도산대로 317,화~토 10:30~18:00,N,N,Y,37.52269761,127.036345
혼자두면장판뜯어서차린개카페,카페,서울특별시,관악구,서울특별시 관악구 남부순환로 1665,매일 11:00~22:00,Y,Y,Y,37.48512152,126.935676
홍익대학교박물관,박물관,서울특별시,마포구,서울특별시 마포구 와우산로 94,화~금 13:00~17:00,N,N,Y,37.55251925,126.924991
화산라멘 멘야마쯔리 홍대점,식당,서울특별시,마포구,서울특별시 마포구 와우산로 112,매일 11:00~21:00,Y,N,Y,37.55314837,126.925909
화정박물관,박물관,서울특별시,종로구,서울특별시 종로구 평창8길 3,화~일 10:00~18:00,N,N,Y,37.60454485,126.966082
환기미술관,미술관,서울특별시,종로구,서울특별시 종로구 자하문로40길 63,화~일 10:00~18:00,N,N,Y,37.59408777,126.966114
DDP디자인뮤지엄,미술관,서울특별시,중구,서울특별시 중구 을지로 281,매일 10:00~19:00,N,N,Y,37.56804459,127.01089
fondcoffee,카페,서울특별시,마포구,서울특별시 마포구 동교로15길 32,토~월 12:00~21:00,Y,N,N,37.5561191,126.914146
Im,카페,서울특별시,서초구,서울특별시 서초구 동광로 183,매일 08:00~19:00,Y,Y,Y,37.49380373,127.001714
JCC아트센터,미술관,서울특별시,종로구,서울특별시 종로구 창경궁로35길 29,화~일 10:00~17:00,N,N,N,37.58718318,127.001886
JOFREE CAKE,카페,서울특별시,성동구,서울특별시 성동구 성덕정길 42,화~일 10:00~20:00,Y,N,Y,37.53854178,127.048271
K현대미술관,미술관,서울특별시,강남구,서울특별시 강남구 선릉로 807,화~일 10:00~19:00,N,N,N,37.52437942,127.039172
OCI미술관,미술관,서울특별시,종로구,서울특별시 종로구 우정국로 45-14,"화, 목~토 10:00~18:00, 수 10:00~21:00",N,N,Y,37.57323951,126.982128
OMW 애견카페,카페,서울특별시,강서구,서울특별시 강서구 화곡로 194-26,화~일 12:00~21:00,Y,Y,Y,37.54199949,126.842614
staywell cafe,카페,서울특별시,마포구,서울특별시 마포구 백범로 152,수~월 09:30~18:00,Y,N,Y,37.54474774,126.948258
uphill namsan,식당,서울특별시,용산구,서울특별시 용산구 회나무로42길 36,수~월 14:00~22:00,Y,N,N,37.54007672,126.994298
가든블루,펜션,경기도,포천시,경기도 포천시 이동면 화동로 2236-33,매일 15:00~11:00,Y,Y,Y,38.04364239,127.374561
가원별장 펜션,펜션,경기도,양평군,경기도 양평군 단월면 명성길 176-1,매일 15:00~11:00,Y,Y,Y,37.62218608,127.631772
가일미술관,미술관,경기도,가평군,경기도 가평군 청평면 북한강로 1549,화~일 10:00~17:00,N,N,Y,37.66041649,127.379434
가평 퓨어향기 독채펜션,펜션,경기도,가평군,경기도 가평군 북면 가화로 2670-23,매일 15:00~11:00,N,N,Y,37.97137565,127.454239
가평문화예술회관,문예회관,경기도,가평군,경기도 가평군 가평읍 문화로 131,매일 08:00~22:00,N,N,Y,37.82543108,127.506125
가평휴게소 반려견놀이터,여행지,경기도,가평군,경기도 가평군 설악면 미사리로540번길 51,매일 08:00~18:00,N,Y,Y,37.70194035,127.546805
가평힐링타임펜션,펜션,경기도,가평군,경기도 가평군 상면 수목원로 181-26,매일 15:00~11:00,Y,Y,Y,37.76246255,127.364275
가학산근린공원,여행지,경기도,광명시,경기도 광명시 가학로85번길 134-23,매일 00:00~24:00,N,Y,Y,37.42592096,126.865928
갈매구릉산자락길,여행지,경기도,구리시,,매일 00:00~24:00,N,Y,Y,37.62707172,127.121305
감악산 출렁다리,여행지,경기도,파주시,경기도 파주시 적성면 설마천로 238,매일 09:00~18:00,N,Y,Y,37.93841476,126.947316
강아지공간,카페,경기도,용인시,경기도 용인시 수지구 용구대로 2769,매일 11:30~21:00,Y,N,Y,37.33290687,127.108438
강천섬유원지,여행지,경기도,여주시,경기도 여주시 강천면 강천리길 88,매일 00:00~24:00,N,Y,Y,37.23474348,127.707936
개가사는그집,카페,경기도,파주시,경기도 파주시 책향기로 573,화~일 14:00~21:00,Y,N,Y,37.72775258,126.734377
개가사는그집 펜션,펜션,경기도,가평군,경기도 가평군 가평읍 복장포길 85,매일 15:00~11:00,Y,Y,Y,37.73923783,127.50469
개간지 애견카페,카페,경기도,안산시,경기도 안산시 단원구 선부광장1로 38,수~월 12:00~19:00,Y,N,Y,37.336637,126.809391
개들의수다,펜션,경기도,김포시,경기도 김포시 고촌읍 은행영사정로51번길 42,"월~금 11:00~19:00, 토~일 10:00~19:00",Y,Y,Y,37.60457184,126.776563
개들의정원,카페,경기도,이천시,경기도 이천시 설성면 설가로219번길 176,화~일 12:00~19:00,Y,Y,Y,37.1581927,127.504491
개떼놀이터,식당,경기도,남양주시,경기도 남양주시 진건읍 사릉로280번길 7,매일 11:00~22:00,Y,Y,Y,37.65005161,127.190442
개떼놀이터 용인,카페,경기도,용인시,경기도 용인시 기흥구 용구대로2335번길 47,매일 11:00~24:00,Y,Y,Y,37.29852289,127.106545
개린이네,카페,경기도,용인시,경기도 용인시 기흥구 고매로43번길 12-23,매일 11:00~22:30,Y,Y,Y,37.23167734,127.116283
개스타하우스,카페,경기도,고양시,경기도 고양시 일산동구 진밭로 7-29,목~화 10:00~20:00,Y,Y,Y,37.70055446,126.800071
개울가 오토 캠핑장,펜션,경기도,가평군,경기도 가평군 설악면 유명로 654-58,매일 13:00~11:00,N,N,Y,37.60300317,127.494925
개정촌,카페,경기도,시흥시,경기도 시흥시 중심상가3길 11,목~화 12:00~21:00,Y,N,N,37.34500872,126.737047
개털깎는남자,카페,경기도,안양시,경기도 안양시 동안구 경수대로 805,화~일 12:00~19:00,Y,N,Y,37.39151118,126.944251
개토피아,카페,경기도,고양시,경기도 고양시 덕양구 화신로272번길 48,매일 13:00~21:00,Y,N,Y,37.63295849,126.831962
갯골생태공원,여행지,경기도,시흥시,경기도 시흥시 동서로 287,매일 00:00~24:00,N,Y,Y,37.38979099,126.781255
견복궁,카페,경기도,김포시,경기도 김포시 운양로97번길 83-13,월~금 08:30~19:00,Y,Y,Y,37.66184771,126.679314
경기대학교소성박물관,박물관,경기도,수원시,경기도 수원시 영통구 광교산로 154-42,매일 10:00~4:30,N,N,Y,37.29801369,127.033117
경기도미술관,미술관,경기도,안산시,경기도 안산시 단원구 동산로 268,화~일 10:00~18:00,N,Y,Y,37.32507855,126.80999
경기도박물관,박물관,경기도,용인시,경기도 용인시 기흥구 상갈로 6,화~일 09:00~18:00,N,Y,Y,37.26818786,127.108653
경기도어린이박물관,박물관,경기도,용인시,경기도 용인시 기흥구 상갈로 6,화~일 10:00~17:30,N,Y,Y,37.26818786,127.108653
경기도자박물관,박물관,경기도,광주시,경기도 광주시 곤지암읍 경충대로 727,화~일 09:30~18:00,N,Y,Y,37.35028278,127.334786
경기북부어린이박물관,박물관,경기도,동두천시,경기도 동두천시 평화로2910번길 46,화~일 10:00~17:30,N,Y,Y,37.94457481,127.064321
경기아트센터,문예회관,경기도,수원시,경기도 수원시 팔달구 효원로307번길 20,전시공연에 따라 변동,N,N,Y,37.26158333,127.03757
경희대학교 혜정박물관,박물관,경기도,용인시,경기도 용인시 기흥구 덕영대로 1732,월~금 10:00~16:00,N,N,Y,37.23980015,127.081199
고구려대장간마을,박물관,경기도,구리시,경기도 구리시 우미내길 41,"월~금 09:00~18:00, 토~일 09:00~19:00",N,Y,Y,37.56080787,127.110949
고모저수지,여행지,경기도,포천시,경기도 포천시 소흘읍 죽엽산로 454,매일 00:00~24:00,N,Y,Y,37.79407652,127.165042
고양가와지볍씨박물관,박물관,경기도,고양시,경기도 고양시 덕양구 고양대로 1695,"월~금 09:30~17:30, 토 09:30~17:30",N,Y,Y,37.6497779,126.870086
고양로봇박물관,박물관,경기도,고양시,경기도 고양시 덕양구 원당로458번길 7-42,"화~금 10:00~18:00, 토~일 10:00~19:00",N,N,Y,37.69013206,126.855305
고양시문예회관,문예회관,경기도,고양시,경기도 고양시 덕양구 고양시청로 10,월~금 09:00~21:00,N,N,Y,37.65841333,126.83196
고양아람누리,문예회관,경기도,고양시,경기도 고양시 일산동구 중앙로 1286,전시공연에 따라 변동,N,N,Y,37.6614856,126.774458
고양어린이박물관,박물관,경기도,고양시,경기도 고양시 덕양구 화중로 26,화~일 09:00~17:00,N,Y,Y,37.62948078,126.830949
고양어울림누리,문예회관,경기도,고양시,경기도 고양시 덕양구 어울림로 33,전시공연에 따라 변동,N,N,Y,37.64905648,126.835368
고양이를 부탁해,카페,경기도,군포시,경기도 군포시 산본로323번길 4-21,토~일 12:30~22:00,Y,N,Y,37.36026772,126.932386
고양이카페38.5,카페,경기도,남양주시,경기도 남양주시 별내3로 324,화~일 13:00~21:00,Y,N,Y,37.66633739,127.117557
고양이팔경캣스쿨,카페,경기도,남양주시,경기도 남양주시 화도읍 창현로 9-3,매일 12:00~24:00,Y,N,Y,37.64899428,127.306752
공룡알화석산지,여행지,경기도,화성시,경기도 화성시 송산면 공룡로 659,화~일 09:00~17:00,N,Y,Y,37.26222503,126.747071
과천시 추사박물관,박물관,경기도,과천시,경기도 과천시 추사로 78,화~일 09:30~18:00,N,Y,Y,37.45300477,127.028725
과천시민회관,문예회관,경기도,과천시,경기도 과천시 통영로 5,매일 06:00~23:00,N,N,Y,37.42819272,126.989152
관문체육공원,여행지,경기도,과천시,경기도 과천시 중앙로 294,매일 00:00~24:00,N,Y,Y,37.44136421,126.996346
광교호수공원,여행지,경기도,수원시,경기도 수원시 영통구 광교호수로 165,매일 00:00~24:00,N,Y,Y,37.28326769,127.070057
광명시민회관,문예회관,경기도,광명시,경기도 광명시 시청로 20,"화~토 09:00~21:00, 일 09:00~19:00",N,N,Y,37.47909912,126.864848
광명시반려견놀이터,여행지,경기도,광명시,경기도 광명시 하안로 60,매일 09:00~18:00,N,Y,N,37.44474476,126.894026
구갈레스피아반려견놀이터,여행지,경기도,용인시,경기도 용인시 기흥구 중부대로 640,"화~일 하절기 09:00~20:00, 동절기 10:00~19:00",N,Y,Y,37.26682449,127.131244
구둔역 폐역,여행지,경기도,양평군,,매일 00:00~24:00,N,Y,Y,37.43741855,127.688846
구룡공원,여행지,경기도,안산시,경기도 안산시 상록구 구룡체육관로 21,매일 00:00~24:00,N,Y,N,37.30822207,126.860503
구리아트홀,문예회관,경기도,구리시,경기도 구리시 아차산로 453,매일 09:00~22:00,N,N,Y,37.59555001,127.129853
구리역공원,여행지,경기도,구리시,,매일 00:00~24:00,N,Y,Y,37.60236014,127.141687
구리한강시민공원,여행지,경기도,구리시,경기도 구리시 코스모스길14번길 249,매일 00:00~24:00,N,Y,Y,37.57447848,127.132863
구하우스,미술관,경기도,양평군,경기도 양평군 서종면 무내미길 49-12,수~일 10:30~18:00,Y,Y,N,37.60305157,127.351144
국립625전쟁납북자기념관,박물관,경기도,파주시,경기도 파주시 문산읍 임진각로 153,"화~일 3~10월 09:30~17:30, 11~2월 10:00~17:00",N,Y,Y,37.88897896,126.743209
국립수목원 산림박물관,박물관,경기도,포천시,경기도 포천시 소흘읍 광릉수목원로 509,"화~일 4~10월 9:00~18:00, 11~3월 09:00~17:00",N,Y,Y,37.75952331,127.168995
국립여성사전시관,박물관,경기도,고양시,경기도 고양시 덕양구 화중로104번길 50,월~토 10:00~18:00,N,N,Y,37.63581557,126.834035
국립현대미술관 과천관,미술관,경기도,과천시,경기도 과천시 광명로 313,화~일 10:00~18:00,N,N,Y,37.43100343,127.01993
군포문화예술회관,문예회관,경기도,군포시,경기도 군포시 고산로 599,월~토 09:00~18:00,N,N,Y,37.36577234,126.927483
굿모닝하우스 펜션,펜션,경기도,가평군,경기도 가평군 가평읍 태봉두밀로406번길 282,매일 15:00~11:00,Y,Y,Y,37.82977532,127.434745
그네애견카페,카페,경기도,남양주시,경기도 남양주시 화도읍 수레로1092번길 19-7,화~일 11:00~20:00,Y,Y,Y,37.63360521,127.304786
그라운독,카페,경기도,남양주시,경기도 남양주시 진접읍 금강로1633번길 81-3,화~일 11:00~19:00,Y,Y,Y,37.7356138,127.186047
그랜드유원지,여행지,경기도,양주시,경기도 양주시 장흥면 호국로 332,매일 09:00~18:00,N,Y,Y,37.71402632,126.953278
그레이캐슬펜션,펜션,경기도,양주시,경기도 양주시 장흥면 권율로309번길 67-16,매일 15:00~11:00,Y,Y,Y,37.74206533,126.95322
그린그라스,카페,경기도,성남시,경기도 성남시 분당구 석운로202번길 1,매일 10:30~21:00,Y,Y,Y,37.38076381,127.045785
그린듯이 아름다운,펜션,경기도,가평군,경기도 가평군 조종면 명지산로 337-251,매일 15:00~11:00,Y,Y,Y,37.90861481,127.380467
근현대사미술관담다,미술관,경기도,용인시,경기도 용인시 기흥구 어정로 134-24,화~일 9:00~18:00,N,N,Y,37.27496827,127.146679
글램핑코리아 양주애견점,펜션,경기도,양주시,경기도 양주시 백석읍 권율로 848,매일 15:00~11:00,Y,Y,Y,37.77384124,126.96138
금은모래강변공원,여행지,경기도,여주시,경기도 여주시 강변유원지길 164,매일 00:00~24:00,N,Y,Y,37.28937608,127.67195
기흥레스피아호수공원,여행지,경기도,용인시,경기도 용인시 기흥구 하갈로 79,매일 00:00~24:00,N,Y,Y,37.25211139,127.096458
길주로카페 애견,카페,경기도,부천시,경기도 부천시 길주로 115,매일 10:00~03:00,Y,N,Y,37.50626767,126.755361
김중업건축박물관,박물관,경기도,안양시,경기도 안양시 만안구 예술공원로103번길 4,화~일 09:30~17:30,N,Y,Y,37.41838562,126.918315
김포국제조각공원,여행지,경기도,김포시,경기도 김포시 월곶면 용강로13번길 38,매일 00:00~24:00,N,Y,Y,37.72103748,126.553771
김포다도박물관,박물관,경기도,김포시,경기도 김포시 월곶면 애기봉로275번길 187-49,화~일 10:00~18:00,N,N,Y,37.73752595,126.574436
김포아트홀,문예회관,경기도,김포시,경기도 김포시 돌문로 26,화~금 09:00~18:00,N,N,Y,37.61893049,126.720149
김홍도미술관,미술관,경기도,안산시,경기도 안산시 상록구 충장로 422,화~일 10:00~18:00,N,N,Y,37.31605248,126.851736
나는애견인이다,카페,경기도,파주시,경기도 파주시 탄현면 새오리로161번길 53-54,매일 12:00~22:00,Y,N,Y,37.7976648,126.683229
나무휴식,카페,경기도,김포시,경기도 김포시 고촌읍 태리로 121,수~월 11:30~20:00,Y,Y,Y,37.60073418,126.750277
낙조전망대,여행지,경기도,안산시,,매일 00:00~24:00,N,Y,Y,37.28823974,126.534543
남경수목원,여행지,경기도,양주시,경기도 양주시 장흥면 일영로501번길 156,"월~금 10:00~17:00, 토~일 10:00~18:00",N,Y,Y,37.68740645,126.916654
남송미술관,미술관,경기도,가평군,경기도 가평군 북면 백둔로 322,화~일 10:00~18:00,N,Y,Y,37.9045119,127.472275
남양주 다산아트홀,문예회관,경기도,남양주시,경기도 남양주시 다산중앙로 7,전시공연에 따라 변동,N,N,Y,37.61390327,127.155345
남양주시립박물관,박물관,경기도,남양주시,경기도 남양주시 와부읍 팔당로 121,화~일 10:00~18:00,N,Y,Y,37.54638614,127.244374
남한산성아트홀,문예회관,경기도,광주시,경기도 광주시 회안대로 891,월~금 09:00~18:00,N,N,Y,37.4268685,127.254706
내가 더 애견카페,카페,경기도,광주시,경기도 광주시 이배재로 433,"월~금 17:00~20:00, 토~일 12:00~19:30",Y,N,Y,37.43338066,127.21164
내강아지애견카페,카페,경기도,파주시,경기도 파주시 새꽃로 80,매일 10:00~21:00,Y,N,N,37.75720123,126.768843
냥이시대,카페,경기도,고양시,경기도 고양시 일산동구 중앙로1275번길 60-21,매일 13:00~22:00,Y,N,Y,37.65978289,126.768804
너와함개냥,카페,경기도,포천시,경기도 포천시 군내면 포천로 1070-2,매일 10:00~20:00,Y,N,Y,37.8604725,127.202709
넌나의가족,카페,경기도,안산시,경기도 안산시 상록구 석호로 306,월~토 09:00~20:00,Y,Y,N,37.29329846,126.864439
네이처독,카페,경기도,양주시,경기도 양주시 장흥면 호국로550번길 107,화~일 11:00~19:00,Y,Y,Y,37.71640206,126.980322
노팅힐 펜션,펜션,경기도,가평군,경기도 가평군 북면 백둔로 379,매일 15:00~11:30,Y,Y,Y,37.90223274,127.466918
놀멍애견펜션,펜션,경기도,포천시,경기도 포천시 화현면 봉화로 173-23,매일 15:00~11:00,Y,Y,Y,37.86438343,127.277315
뉴힐링 스파펜션,펜션,경기도,가평군,경기도 가평군 청평면 북한강로 2173,매일 15:00~11:00,Y,Y,Y,37.70933571,127.399616
다산 현대프리미엄아울렛 흰디하우스,여행지,경기도,남양주시,경기도 남양주시 다산순환로 50,매일 10:30~21:00,N,Y,Y,37.61625793,127.152429
다산생태공원,여행지,경기도,남양주시,경기도 남양주시 조안면 다산로 767,매일 00:00~24:00,N,Y,Y,37.51439642,127.298308
다솜 스파펜션,펜션,경기도,가평군,경기도 가평군 북면 가화로 1345,매일 15:00~11:00,N,N,Y,37.90106355,127.51919
단국대학교 석주선기념박물관,박물관,경기도,용인시,경기도 용인시 수지구 죽전로 152,화~목 10:00~16:00,N,N,Y,37.32119387,127.132536
닻미술관,미술관,경기도,광주시,경기도 광주시 초월읍 진새골길 184,수~일 11:00~18:00,N,N,Y,37.38033602,127.271124
대길이네 커멍,카페,경기도,포천시,경기도 포천시 군내면 호국로 1636,매일 12:00~21:00,Y,Y,Y,37.89883707,127.207662
대부바다향기테마파크,여행지,경기도,안산시,경기도 안산시 단원구 대부황금로 1480-7,매일 00:00~24:00,N,Y,Y,37.28627433,126.574554
대한불교조계종봉녕사 세주묘엄박물관,박물관,경기도,수원시,경기도 수원시 팔달구 창룡대로 236-54,매일 17:30~18:30,N,N,Y,37.2915096,127.037497
댕댕그라운드,카페,경기도,양평군,경기도 양평군 개군면 공서울길88번길 28-2,화~일 12:00~19:00,Y,Y,Y,37.46459367,127.538045
더157,카페,경기도,평택시,경기도 평택시 죽백2길 234-16,화~일 13:00~20:00,Y,Y,Y,37.01192907,127.132055
더그림,여행지,경기도,양평군,경기도 양평군 옥천면 사나사길 175,매일 10:20~일몰,N,Y,Y,37.52915207,127.497062
더독,카페,경기도,평택시,경기도 평택시 평택1로9번길 34,화~일 11:00~22:00,Y,N,N,36.99391088,127.085668
더독애견카페,카페,경기도,성남시,경기도 성남시 분당구 석운로120번길 4,매일 12:00~19:00,Y,Y,Y,37.37322855,127.04554
더마을펜션,펜션,경기도,가평군,경기도 가평군 청평면 모꼬지로 124-25,매일 14:30~11:00,Y,Y,Y,37.68774352,127.36918
더큐브펜션,펜션,경기도,양평군,경기도 양평군 단월면 양동로 225,매일 15:00~11:00,Y,Y,Y,37.51727116,127.680566
덕소자연사박물관,박물관,경기도,남양주시,경기도 남양주시 와부읍 석실로 46-11,"화~일 3월~11월 10:00~18:00, 12~2월 10:00~17:00",N,N,Y,37.58001247,127.230046
덕평휴게소 달려라코코,여행지,경기도,이천시,경기도 이천시 마장면 덕이로154번길 287-76,수~월 10:00~19:00,N,Y,Y,37.24137442,127.393785
덕포진교육박물관,박물관,경기도,김포시,경기도 김포시 대곶면 덕포진로103번길 90,"화~일 3월~11월 10:00~18:00, 12~2월 10:00~17:00",N,N,Y,37.65065352,126.538722
도그라운지,카페,경기도,남양주시,경기도 남양주시 불암로 35,화~일 11:00~20:00,Y,Y,Y,37.64436763,127.111561
도그런,카페,경기도,광주시,경기도 광주시 새말길 214-5,매일 08:00~20:00,Y,Y,Y,37.37623765,127.165803
도그맥스,카페,경기도,남양주시,경기도 남양주시 와부읍 석실로율석길 108-13,목~월 11:00~19:00,Y,Y,Y,37.61638836,127.221774
도그버디펜션,펜션,경기도,가평군,경기도 가평군 북면 화악산로356번길 44-145,매일 15:00~11:00,Y,Y,Y,37.90755536,127.565783
도그엔조이 애견펜션,펜션,경기도,양평군,경기도 양평군 강하면 강하1로 466-39,매일 15:00~11:00,Y,Y,Y,37.44880846,127.397019
도그캠프,카페,경기도,김포시,경기도 김포시 하성면 금포로1915번길 65,목~화 11:00~19:00,Y,Y,Y,37.69981733,126.660933
도그파크랜드,카페,경기도,용인시,경기도 용인시 처인구 모현읍 오산로 208-34,매일 09:00~18:00,Y,Y,Y,37.31589657,127.150286
도기헤븐,카페,경기도,안성시,경기도 안성시 삼죽면 서동대로 6392,매일 10:00~19:00,Y,Y,Y,37.0618133,127.370512
도넛드로잉,카페,경기도,성남시,경기도 성남시 분당구 대왕판교로 103,매일 11:00~22:00,Y,Y,Y,37.35263577,127.100743
도도클라스,카페,경기도,평택시,경기도 평택시 진위면 야막길 88-35,매일 12:00~24:00,Y,Y,Y,37.1267899,127.056229
도자기공방숲 디저트카페,카페,경기도,동두천시,경기도 동두천시 동두천로 7,월~금 09:00~21:00,Y,N,Y,37.88203911,127.053929
도치빌 펜션,펜션,경기도,가평군,경기도 가평군 청평면 고재길 280,매일 15:00~11:00,Y,Y,Y,37.70578089,127.515134
독산성 세마대지,여행지,경기도,오산시,,매일 00:00~24:00,N,Y,Y,37.18506629,127.020802
독스아웃,카페,경기도,남양주시,경기도 남양주시 화도읍 북한강로 1542-1,목~화 12:00~19:00,Y,Y,Y,37.64604134,127.365238
독스테이션,카페,경기도,파주시,경기도 파주시 탄현면 새오리로 126,매일 12:00~22:00,Y,Y,Y,37.79517734,126.687339
돌고개 휴펜션,펜션,경기도,양주시,경기도 양주시 장흥면 권율로309번길 263,매일 15:00~11:00,Y,Y,Y,37.7475944,126.947859
돌석도예박물관,박물관,경기도,안양시,경기도 안양시 만안구 병목안로 306,화~일 10:00∼19:00,N,N,Y,37.37904684,126.904592
동두천시민회관,문예회관,경기도,동두천시,경기도 동두천시 어수로 4,"월~금 06:00~22:00, 토 06:00~18:00",N,N,Y,37.90526295,127.043063
동탄복합문화센터,문예회관,경기도,화성시,경기도 화성시 노작로 134,매일 09:30~17:30,N,N,Y,37.20068757,127.075122
동탄센트럴파크,여행지,경기도,화성시,경기도 화성시 동탄공원로2길 22,매일 00:00~24:00,N,Y,Y,37.20563857,127.063581
동탄여울공원,여행지,경기도,화성시,,매일 00:00~24:00,N,Y,N,37.19830166,127.08662
동탄호수공원,여행지,경기도,화성시,경기도 화성시 동탄순환대로 69,매일 00:00~24:00,N,Y,Y,37.16690281,127.102434
두루두루 카페,카페,경기도,양주시,경기도 양주시 장흥면 권율로 666,목~화 12:00~20:00,Y,Y,Y,37.76381345,126.965608
두루뫼사료관,박물관,경기도,파주시,경기도 파주시 법원읍 초리골길 278,화~일 10:00~18:00,N,Y,Y,37.85680242,126.896042
듀크하우스,펜션,경기도,가평군,경기도 가평군 청평면 안대성길 67,매일 15:00~11:00,N,N,Y,37.69825335,127.376196
디스이즈,카페,경기도,파주시,경기도 파주시 평화로 326,매일 12:00~19:00,Y,N,Y,37.77275019,126.746264
디오앤빈카페,카페,경기도,고양시,경기도 고양시 덕양구 꽃내음1길 155,금~수 10:00~21:00,Y,N,Y,37.59935983,126.89047
디자인코리아뮤지엄,박물관,경기도,성남시,경기도 성남시 분당구 양현로 322,월~금 10:00~18:00,N,N,Y,37.41319672,127.123286
디제이뭉,펜션,경기도,가평군,경기도 가평군 설악면 한갑골길 47-43,매일 15:00~11:00,Y,Y,Y,37.67241849,127.483864
딜라이트,카페,경기도,수원시,경기도 수원시 권선구 동수원로146번길 121,매일 08:30~22:00,Y,N,Y,37.24525051,127.034777
딩가댕가,카페,경기도,포천시,경기도 포천시 소흘읍 광릉수목원로 1104,매일 12:00~22:00,Y,Y,Y,37.77779209,127.123544
딩고,카페,경기도,수원시,경기도 수원시 영통구 태장로54번길 166,매일 09:00~21:00,Y,Y,Y,37.23526851,127.055064
땡구네,카페,경기도,광주시,경기도 광주시 곤지암읍 광여로 300-85,화~일 12:00~24:00,Y,Y,Y,37.35528938,127.38216
땡스폴 애견카페,카페,경기도,광주시,경기도 광주시 태재로 133,월~금 09:00~20:00,Y,N,Y,37.35787971,127.163991
또오개애견펜션,펜션,경기도,양평군,경기도 양평군 청운면 제비산길 74,매일 15:00~11:00,Y,Y,Y,37.52705903,127.748073
라드독 애견카페,카페,경기도,성남시,경기도 성남시 중원구 마지로 130-5,"월~금 15:00~22:00, 토~일 10:00~22:00",Y,Y,Y,37.42701506,127.143887
라떼하우스,펜션,경기도,양평군,경기도 양평군 서종면 도장계곡길 54,매일 15:00~11:00,Y,Y,Y,37.60272062,127.397698
라쿤빌리지,카페,경기도,안산시,경기도 안산시 단원구 광덕동로 41,토~일 12:30~20:00,N,N,N,37.30817537,126.832108
랑랑이네 정원,카페,경기도,남양주시,경기도 남양주시 와부읍 수레로486번길 5,목~화 11:00~19:00,Y,Y,Y,37.60742606,127.258855
러브스토리 애견펜션,펜션,경기도,양평군,경기도 양평군 용문면 은행나무길 25-20,매일 15:00~11:00,Y,Y,Y,37.53003787,127.55837
레솔레파크,여행지,경기도,의왕시,경기도 의왕시 왕송못동로 307,매일 00:00~24:00,N,Y,Y,37.30710763,126.953146
레이지독,카페,경기도,이천시,경기도 이천시 마장면 마도로248번길 73,토 11:00~19:00,Y,Y,Y,37.27999062,127.350137
레이크 더 독,카페,경기도,용인시,경기도 용인시 처인구 남사읍 삼인로 148,매일 11:00~22:00,Y,Y,Y,37.15644756,127.142094
렛츠플레이독,여행지,경기도,부천시,경기도 부천시 조마루로 2,"매일 하절기 10:00~21:00, 동절기 10:00~20:00",N,Y,Y,37.49997006,126.744235
로뎀하우스 카페,카페,경기도,의왕시,경기도 의왕시 손골길 20-1,매일 11:00~21:00,Y,N,Y,37.37818931,126.985796
루디힐,카페,경기도,양평군,경기도 양평군 서종면 화서1로 97,매일 09:00~21:00,Y,Y,Y,37.63814918,127.414306
루체인알티스,카페,경기도,안양시,경기도 안양시 만안구 태평로60번길 42,화~일 12:00~22:00,Y,Y,Y,37.39633325,126.930747
루프앤독,카페,경기도,안산시,경기도 안산시 상록구 중보로 23,매일 10:00~22:00,Y,Y,Y,37.30619919,126.849923
리블링코코 카페,카페,경기도,남양주시,경기도 남양주시 별내면 송산로 519-8,매일 11:00~21:00,Y,Y,Y,37.68751362,127.133005
마가미술관,미술관,경기도,용인시,경기도 용인시 처인구 모현읍 문형동림로101번길 37,화~토 10;00~17:30,N,N,Y,37.33175232,127.192788
마담파이 팔당점,카페,경기도,남양주시,경기도 남양주시 와부읍 경강로926번길 37,매일 12:00~24:00,Y,Y,Y,37.55323892,127.237004
마운틴밸리,펜션,경기도,양평군,경기도 양평군 용문면 수득골길 96-10,매일 15:00~11:00,Y,Y,Y,37.53467254,127.552706
마인드몽,카페,경기도,용인시,경기도 용인시 수지구 현암로 165,월~토 09:00~22:00,Y,N,Y,37.33186247,127.127605
마장호수 출렁다리,여행지,경기도,파주시,경기도 파주시 광탄면 기산로 313,"매일 하절기 09:00~18:00, 동절기 09:00~17:00",N,Y,Y,37.77306529,126.927776
마중공원,여행지,경기도,수원시,경기도 수원시 권선구 경수대로 88,매일 00:00~24:00,N,Y,Y,37.23574475,127.021519
만해기념관,박물관,경기도,광주시,경기도 광주시 남한산성면 남한산성로792번길 24-7,"화~일 3월~11월 10:00~18:00, 12~2월 10:00~17:00",N,N,Y,37.47730512,127.180838
말박물관,박물관,경기도,과천시,경기도 과천시 경마공원대로 107,화~일 10:00~18:00,N,N,Y,37.44121574,127.016294
매송휴게소 반려견놀이터,여행지,경기도,화성시,경기도 화성시 매송면 서해안고속도로 316,매일 00:00~24:00,N,Y,Y,37.26531838,126.892899
맥아트미술관,미술관,경기도,안산시,경기도 안산시 단원구 부흥로 254,화~일 09:00~18:00,N,N,Y,37.21975458,126.602419
멍뭉아 놀다가,카페,경기도,안성시,경기도 안성시 공도읍 문터길 38-5,매일 09:00~19:00,Y,Y,Y,37.01108564,127.197112
멍블럭,카페,경기도,남양주시,경기도 남양주시 수동면 비룡로1378번길 36-6,수~월 11:00~19:00,Y,Y,Y,37.74386903,127.286757
멍슈슈 애견놀이터,카페,경기도,하남시,경기도 하남시 서하남로 23,매일 11:00~21:00,Y,Y,Y,37.51704421,127.146747
멍스필드,카페,경기도,고양시,경기도 고양시 덕양구 충장로 614-49,수~월 14:00~21:00,Y,Y,Y,37.6644282,126.850163
멍쓰런,카페,경기도,안산시,경기도 안산시 상록구 가루개로 165-5,매일 11:00~21:00,Y,Y,Y,37.34464327,126.850651
멍이네,카페,경기도,화성시,경기도 화성시 동탄대로시범길 148-20,월~토 10:00~20:00,Y,N,Y,37.20033897,127.1145
멍트럴파크 애견운동장,카페,경기도,시흥시,경기도 시흥시 하우로 186,매일 11:00~20:00,Y,Y,Y,37.47085457,126.782807
멍플스테이,여행지,경기도,안성시,경기도 안성시 죽산면 용설호수길 101,매일 15:00~11:00,N,Y,Y,37.05682862,127.451989
멍화만사성,카페,경기도,화성시,경기도 화성시 동탄지성로 143,수~월 08:00~21:00,Y,N,N,37.20953282,127.059602
메르블루,카페,경기도,시흥시,경기도 시흥시 서해안로 1032-12,매일 16:30~01:00,Y,Y,Y,37.40584363,126.753753
메종드시앙,카페,경기도,양주시,경기도 양주시 광적면 광적로188번길 3,"화~금 09:00~18:00, 토~일 11:00~20:00",Y,Y,Y,37.83474049,126.976718
명성황후기념관,박물관,경기도,여주시,경기도 여주시 명성로 71,"화~일 하절기 09:00~18:00, 동절기 09:00~17:00",N,Y,Y,37.25967518,127.655428
명지대학교박물관,박물관,경기도,용인시,경기도 용인시 처인구 명지로 116,월~금 10:00~16:00,N,N,Y,37.22180726,127.190184
모두누림센터,문예회관,경기도,화성시,경기도 화성시 남양읍 시청로 155,매일 00:00~24:00,N,N,Y,37.19890325,126.828667
모란미술관,미술관,경기도,남양주시,경기도 남양주시 화도읍 경춘로2110번길 8,"화~일 하절기 09:30~18:30, 동절기 11~2월 9:30~17:00",N,N,Y,37.6504135,127.323777
모소,카페,경기도,수원시,경기도 수원시 팔달구 권광로364번길 9,화~토 12:00~18:00,Y,N,Y,37.27922641,127.038194
목스녹스,카페,경기도,포천시,경기도 포천시 소흘읍 초가팔로 49-19,매일 12:00~22:00,Y,N,Y,37.8239394,127.152054
목아박물관,박물관,경기도,여주시,경기도 여주시 강천면 이문안길 21,"화~일 3월~11월 10:00~18:00, 12~2월 10:00~17:00",N,Y,Y,37.28855027,127.688123
몬테비얀코 캠핑장,펜션,경기도,포천시,경기도 포천시 이동면 늠바위길 181,매일 13:30~13:00,Y,Y,Y,38.02922329,127.38644
몽양기념관,박물관,경기도,양평군,경기도 양평군 양서면 몽양길 66,"화~일 하절기 09:00~18:00, 동절기 09:00~17:00",N,Y,Y,37.53051707,127.373607
무지개마을펜션,펜션,경기도,양평군,경기도 양평군 서종면 황순원로 247-1,매일 15:00~11:00,Y,Y,Y,37.59060701,127.381688
묵현천,여행지,경기도,남양주시,경기도 남양주시 화도읍 녹촌로 227-1,매일 00:00~24:00,N,Y,N,37.64011305,127.280842
문릿,카페,경기도,양평군,경기도 양평군 용문면 덕촌길 101,매일 10:00~21:00,Y,Y,Y,37.50373895,127.59678
문산행복센터,문예회관,경기도,파주시,경기도 파주시 문산읍 통일로 1680,매일 09:00~22:00,N,N,Y,37.85675142,126.791016
문화예술원 마루홀,문예회관,경기도,용인시,경기도 용인시 처인구 중부대로 1199,화~일 09:00~22:00,N,N,Y,37.24086733,127.177968
물골안랜드 애견피크닉,카페,경기도,남양주시,경기도 남양주시 수동면 비룡로 945,화~일 10:00~17:00,Y,Y,Y,37.71766177,127.3152
물맑음펜션,펜션,경기도,남양주시,경기도 남양주시 수동면 비룡로수자1길 76-15,매일 15:00~11:00,Y,Y,Y,37.71283783,127.306716
물의정원,여행지,경기도,남양주시,경기도 남양주시 조안면 북한강로 398,매일 00:00~24:00,N,Y,Y,37.55735394,127.313527
미누현대미술관,미술관,경기도,성남시,경기도 성남시 수정구 공원로 360,화~일 10:00~18:00,N,N,Y,37.44558105,127.149375
미메시스아트뮤지엄,미술관,경기도,파주시,경기도 파주시 문발로 253,수~일 10:00~18:00,N,Y,Y,37.71664923,126.689097
미미언니네 독푸드카페,카페,경기도,남양주시,경기도 남양주시 다산순환로 397-163,매일 10:00~21:00,Y,N,N,37.62099958,127.160164
미사리경정공원,여행지,경기도,하남시,경기도 하남시 미사대로 505,"월~금 09:00~18:00, 토~일 09:00~19:00",N,Y,Y,37.55362591,127.21323
미호박물관,박물관,경기도,남양주시,경기도 남양주시 고산로126번길 15-2,매일 10:00~20:00,N,N,Y,37.59266233,127.180616
밀크북,카페,경기도,파주시,경기도 파주시 회동길 121,매일 09:00~19:00,Y,Y,Y,37.70751398,126.687581
바람새마을,여행지,경기도,평택시,경기도 평택시 고덕면 새악길 43-62,매일 09:00~18:00,N,Y,Y,37.0133246,127.020162
바비앤불리,카페,경기도,하남시,경기도 하남시 서하남로576번길 28,수~월 12:00~19:00,Y,Y,Y,37.52107264,127.204155
반디빌리지,펜션,경기도,가평군,경기도 가평군 설악면 묵안로 287,매일 15:00~11:00,Y,Y,Y,37.64534721,127.507243
반월호수공원,여행지,경기도,군포시,경기도 군포시 호수로 92,매일 00:00~24:00,N,Y,Y,37.32458238,126.889964
방화수류정,여행지,경기도,수원시,경기도 수원시 팔달구 수원천로392번길 44-6,매일 00:00~24:00,N,Y,N,37.28754184,127.018095
배곧한울공원,여행지,경기도,시흥시,경기도 시흥시 해송십리로 61,매일 00:00~24:00,N,Y,Y,37.35465274,126.702032
배꽃길61,카페,경기도,안성시,경기도 안성시 대덕면 배꽃길 61,화~일 11:30~20:00,Y,Y,Y,37.03004074,127.240539
배다골민속박물관,박물관,경기도,고양시,경기도 고양시 덕양구 배다골길 131,매일 09:00~18:00,N,N,Y,37.63016535,126.848109
배추다방,카페,경기도,부천시,경기도 부천시 부흥로 339,매일 10:00~20:00,Y,N,Y,37.49419512,126.780159
백남준아트센터,미술관,경기도,용인시,경기도 용인시 기흥구 백남준로 10,화~일10:00~18:00,N,N,Y,37.26914663,127.110438
백석천근린공원,여행지,경기도,의정부시,,매일 00:00~24:00,N,Y,Y,37.73464013,127.034034
백영수미술관,미술관,경기도,의정부시,경기도 의정부시 안말로58번안길 55-1,화~일 10:00~18:00,N,N,N,37.71369421,127.044439
밸런스독 애견펜션,펜션,경기도,양평군,경기도 양평군 지평면 바깥섬부리1길 3-29,매일 15:00~11:00,Y,Y,Y,37.46426742,127.655751
버드힐펜션,펜션,경기도,양평군,경기도 양평군 용문면 덕촌길 231-7,매일 14:00~12:00,Y,Y,Y,37.51299582,127.590598
벨르앙쥬,펜션,경기도,가평군,경기도 가평군 상면 임초밤안골로 269-14,매일 15:00~11:00,Y,Y,Y,37.7492099,127.362942
벽봉한국장신구박물관,박물관,경기도,파주시,경기도 파주시 탄현면 헤이리마을길 48-38,수~일 10:00~18:00,N,N,Y,37.78763029,126.700061
보름산미술관,미술관,경기도,김포시,경기도 김포시 고촌읍 수기로 100-78,화~토 10:00~18:00,N,N,Y,37.59637231,126.760888
보정동카페거리,여행지,경기도,용인시,,매일 00:00~24:00,Y,Y,Y,37.32018778,127.113095
보크아웃도어카페,카페,경기도,양주시,경기도 양주시 은현면 화합로941번길 101-8,매일 10:00~21:00,Y,Y,Y,37.86513389,127.026916
보통저수지,여행지,경기도,화성시,,매일 00:00~24:00,N,Y,N,37.19488325,126.974484
복사골문화센터,문예회관,경기도,부천시,경기도 부천시 장말로 107,화~일 09:00~22:00,N,N,Y,37.49478344,126.754214
봉봉애견카페,카페,경기도,남양주시,경기도 남양주시 와부읍 수레로116번길 38,화~일 10:30~19:00,Y,Y,Y,37.59007999,127.224138
봉주르봉구,카페,경기도,광주시,경기도 광주시 초월읍 대쌍령길 5,화~일 10:00~20:00,Y,Y,Y,37.39181974,127.284723
부곡산림욕장 유아숲체험원,여행지,경기도,안산시,,매일 00:00~24:00,N,Y,Y,37.34083789,126.882195
부락산문화공원,여행지,경기도,평택시,,매일 00:00~24:00,N,Y,Y,37.07128666,127.073845
부엉이 애견펜션,펜션,경기도,포천시,경기도 포천시 일동면 윗갈기길 23-12,매일 15:00~11:00,Y,Y,Y,37.96795258,127.323697
부천로보파크전시관,박물관,경기도,부천시,경기도 부천시 평천로 655,화~일 10:00~17:00,N,N,Y,37.51760996,126.764051
부천백만송이장미원,여행지,경기도,부천시,경기도 부천시 성곡로63번길 99,매일 00:00~24:00,N,Y,Y,37.51704947,126.793195
부천시립박물관,박물관,경기도,부천시,경기도 부천시 소사로 638,화~일 10:00~18:00,N,N,Y,37.51364095,126.801745
부천시민회관,문예회관,경기도,부천시,경기도 부천시 부일로 365,전시공연에 따라 변동,N,N,Y,37.48863335,126.770658
부천자연생태박물관,박물관,경기도,부천시,경기도 부천시 길주로 660,"화~일 3~10월 9:30~18:00, 11~2월 9:30~17:00",N,Y,Y,37.50512868,126.815687
부천펄벅기념관,박물관,경기도,부천시,경기도 부천시 성주로214번길 61,화~일 09:30~17:30,N,N,Y,37.47555869,126.781706
부천활박물관,박물관,경기도,부천시,경기도 부천시 소사로 482,화~일 9:00~18:00,N,Y,Y,37.50256527,126.799025
북앤독카페,카페,경기도,광명시,경기도 광명시 하안로288번길 12-1,토~일 12:00~19:00,Y,N,Y,37.46224495,126.882225
분당중앙공원,여행지,경기도,성남시,경기도 성남시 분당구 성남대로 550,매일 00:00~24:00,N,Y,Y,37.38030766,127.121179
브런치독,카페,경기도,의정부시,경기도 의정부시 금신로 311,화~일 11:00~22:00,Y,N,Y,37.74449473,127.062986
브레이브펍스,카페,경기도,고양시,경기도 고양시 일산서구 웅비로 4-19,월~토 12:00~18:00,Y,Y,Y,37.68294217,126.757323
브루다 양주점,카페,경기도,양주시,경기도 양주시 백석읍 권율로 909,매일 11:00~19:00,Y,Y,Y,37.77868943,126.956776
브리즈힐,카페,경기도,파주시,경기도 파주시 탄현면 헤이리마을길 18-42,화~일 11:00~21:00,Y,Y,Y,37.78707051,126.696015
브릭야드,카페,경기도,양평군,경기도 양평군 옥천면 상곡길 35-4,수~월 12:00~19:00,Y,Y,Y,37.52812488,127.43724
블루메미술관,미술관,경기도,파주시,경기도 파주시 탄현면 헤이리마을길 59-30,매일 11:00~18:00,N,N,Y,37.78932541,126.696633
비숲,카페,경기도,군포시,경기도 군포시 둔대로 28,매일 10:00~22:00,Y,Y,Y,37.32578833,126.889197
빈스홈밀,카페,경기도,양주시,경기도 양주시 옥정동로5나길 155,월~토 11:00~19:00,Y,N,Y,37.81539971,127.095416
빙고,카페,경기도,화성시,경기도 화성시 영통로 23,매일 11:30~20:30,Y,N,Y,37.23277184,127.064274
뽀독,카페,경기도,부천시,경기도 부천시 소삼로 47,매일 10:00~18:00,Y,N,Y,37.47980795,126.797292
뽀야쌀롱,카페,경기도,양평군,경기도 양평군 양서면 목왕로688번길 47,금~화 12:00~20:00,Y,Y,Y,37.56493135,127.390475
사기막골 도예촌,여행지,경기도,이천시,경기도 이천시 경충대로2993번길 56,매일 00:00~24:00,N,Y,Y,37.2936788,127.411746
사람박물관얼굴,박물관,경기도,광주시,경기도 광주시 남종면 분원길 3-6,수~일 10:00~17:00,N,N,Y,37.4939575,127.302051
사바나코쉬카,카페,경기도,부천시,경기도 부천시 중동로248번길 71,수~월 12:00~20:00,Y,N,Y,37.5015058,126.772786
산울터 애견펜션,펜션,경기도,포천시,경기도 포천시 이동면 늠바위길 148-169,매일 15:00~11:00,Y,Y,Y,38.02546747,127.388128
산음자연휴양림,펜션,경기도,양평군,경기도 양평군 단월면 고북길 347,수~월 09:00~18:00,Y,Y,Y,37.59613593,127.575206
산정호수,여행지,경기도,포천시,경기도 포천시 영북면 산정호수로411번길 108,매일 00:00~24:00,N,Y,Y,38.0681783,127.323926
삶의이야기가있는집,박물관,경기도,용인시,경기도 용인시 처인구 원삼면 내동로 50-13,월~금 09:30~17:00,N,N,Y,37.17384579,127.295877
삼막애견공원,여행지,경기도,안양시,,화~일 10:00~21:00,N,Y,Y,37.42894581,126.914862
삼성화재교통박물관,박물관,경기도,용인시,경기도 용인시 처인구 포곡읍 에버랜드로376번길 171,"화~금 09:00~17:00, 토~일 10:00~18:00",N,Y,Y,37.30037229,127.216954
상남견,카페,경기도,평택시,경기도 평택시 서정역로36번길 107,매일 11:00~20:00,Y,N,Y,37.0581022,127.061636
상동호수공원,여행지,경기도,부천시,경기도 부천시 조마루로 15,매일 00:00~24:00,N,Y,Y,37.50244089,126.745241
새벽종 펜션,펜션,경기도,포천시,경기도 포천시 화현면 화동로348번길 38-120,매일 15:00~11:00,Y,Y,Y,37.89323889,127.30726
생각이나 펜션,펜션,경기도,양평군,경기도 양평군 단월면 명성길 128-4,매일 15:00~11:00,Y,Y,Y,37.62584047,127.636859
서호공원,여행지,경기도,수원시,,매일 00:00~24:00,N,Y,Y,37.27846937,126.989348
서호미술관,미술관,경기도,남양주시,경기도 남양주시 화도읍 북한강로 1344,매일 10:00~18:00,N,N,Y,37.63270861,127.35151
선바위미술관,미술관,경기도,과천시,경기도 과천시 무네미길 34,화~일 10:00~17:00,N,N,Y,37.45177261,126.999303
설미재미술관,미술관,경기도,가평군,경기도 가평군 설악면 유명로 1454-38,화~일 9:00~18:00,N,N,Y,37.66088468,127.482238
설봉공원,여행지,경기도,이천시,,매일 00:00~24:00,N,Y,Y,37.27541532,127.42743
성곡반려견놀이터,여행지,경기도,안산시,,화~일 10:00~19:00,N,Y,Y,37.32350549,126.736686
성남아트센터,문예회관,경기도,성남시,경기도 성남시 분당구 성남대로 808,매일 10:00~22:00,N,N,Y,37.40295657,127.13056
성남큐브미술관,미술관,경기도,성남시,경기도 성남시 분당구 성남대로 808,화~일 10:00~18:00,N,N,Y,37.40295657,127.13056
성호박물관,박물관,경기도,안산시,경기도 안산시 상록구 성호로 131,화~일 09:00~18:00,N,Y,Y,37.31507523,126.859577
세계민속악기박물관,박물관,경기도,파주시,경기도 파주시 탄현면 헤이리마을길 63-26,화~일 09:30~17:30,N,N,Y,37.78950759,126.699378
세계인형박물관,박물관,경기도,파주시,경기도 파주시 탄현면 헤이리마을길 76-100,금~일 10:00~17:30,N,Y,Y,37.78685804,126.702108
세미원연꽃박물관,박물관,경기도,양평군,경기도 양평군 양서면 양수로 93,"매일 09:00~18:00, 7~8월 09:00~20:00",N,Y,Y,37.54093866,127.323961
세이멍,카페,경기도,하남시,경기도 하남시 서하남로576번길 28,수~월 11:00~22:00,Y,N,Y,37.52107264,127.204155
세인트펜션,펜션,경기도,포천시,경기도 포천시 신북면 청신로 693,매일 15:00~11:00,Y,Y,Y,37.97008973,127.11349
세종국악당,문예회관,경기도,여주시,경기도 여주시 영릉로 125,매일 09:00~22:00,N,N,Y,37.29692248,127.625227
세종대왕역사문화관,박물관,경기도,여주시,경기도 여주시 세종대왕면 영릉로 269-10,화~일 09:00~18:00,N,N,Y,37.30493307,127.611333
소다미술관,미술관,경기도,화성시,경기도 화성시 효행로707번길 30,수~일 10:00~19:00,N,N,Y,37.20162012,127.006088
소소온기,카페,경기도,남양주시,경기도 남양주시 수동면 비룡로 1621-99,수~월 11:00~20:00,Y,Y,Y,37.75799978,127.27063
소전미술관,미술관,경기도,시흥시,경기도 시흥시 소래산길 41,화~일 10:00~17:00,N,N,Y,37.45196809,126.785501
소풍정원캠핑장,여행지,경기도,평택시,경기도 평택시 고덕면 새악길 43-42,매일 14:00~11:00,N,Y,Y,37.01172048,127.01973
솔가람아트홀,문예회관,경기도,파주시,경기도 파주시 가람로116번길 170,매일 08:00~22:00,N,N,Y,37.73051234,126.763396
수리산도립공원,여행지,경기도,안양시,,매일 00:00~24:00,N,Y,Y,37.36910362,126.900917
수원광교박물관,박물관,경기도,수원시,경기도 수원시 영통구 광교로 182,화~일 09:00~18:00,N,Y,Y,37.29634871,127.051422
수원대학교박물관,박물관,경기도,화성시,경기도 화성시 봉담읍 와우안길 17,월~금 10:00~17:00,N,N,Y,37.21011748,126.97948
수원박물관,박물관,경기도,수원시,경기도 수원시 영통구 창룡대로 265,화~일 09:00~18:00,N,Y,Y,37.29764714,127.035633
수원시립아이파크미술관,미술관,경기도,수원시,경기도 수원시 팔달구 정조로 833,"화~일 하절기 10:00~19:00, 동절기 10:00~18:00",N,N,Y,37.28270503,127.015825
수원시민회관,문예회관,경기도,수원시,경기도 수원시 팔달구 팔달산로 28,매일 08:30~21:30,N,N,Y,37.27359693,127.011303
수원화성,여행지,경기도,수원시,,매일 00:00~24:00,N,Y,Y,37.28786446,127.018377
수원화성박물관,박물관,경기도,수원시,경기도 수원시 팔달구 창룡대로 21,화~일 09:00~18:00,N,Y,Y,37.28259139,127.018985
수원SK아트리움,문예회관,경기도,수원시,경기도 수원시 장안구 이목로 24-25,월~금 09:00~18:00,N,N,Y,37.30957667,126.986401
수잇해피,카페,경기도,의정부시,경기도 의정부시 평화로 555-1,수~일 13:00~20:30,Y,N,N,37.74156169,127.046781
숨은빛 펜션,펜션,경기도,양평군,경기도 양평군 청운면 가현길 398,매일 15:00~11:00,Y,Y,Y,37.52354302,127.727772
숲21길,카페,경기도,화성시,경기도 화성시 병점중앙로21번길 21,화~일 14:00~01:00,Y,Y,Y,37.20085659,127.042483
숲속애견랜드,카페,경기도,용인시,경기도 용인시 기흥구 동백죽전대로175번길 13,매일 08:00~20:00,Y,Y,Y,37.25776799,127.160859
쉬자파크,여행지,경기도,양평군,경기도 양평군 양평읍 쉬자파크길 193,월~금 09:00~18:00,N,Y,Y,37.51120459,127.533184
슈룹독,카페,경기도,화성시,경기도 화성시 향남읍 서봉로38번길 61,매일 13:00~20:00,Y,Y,Y,37.09934887,126.911816
슈에뜨펜션캠핑,펜션,경기도,가평군,경기도 가평군 청평면 호명리길 134,매일 15:00~11:30,Y,Y,Y,37.72654746,127.466332
스위트몽,펜션,경기도,가평군,경기도 가평군 상면 축령로 102,매일 15:00~11:00,Y,Y,Y,37.77474216,127.360976
스윗트리 펜션,펜션,경기도,양평군,경기도 양평군 단월면 분지울1길 98,매일 15:00~11:00,N,N,Y,37.60727817,127.670334
스타독 반려견 테마파크,여행지,경기도,이천시,경기도 이천시 마장면 작촌로 92-23,매일 11:00~19:00,N,Y,Y,37.24828363,127.344617
스타독스,카페,경기도,파주시,경기도 파주시 탄현면 국화향길 10-40,매일 12:00~18:00,Y,Y,Y,37.78062606,126.715767
스테리나잇,카페,경기도,안성시,경기도 안성시 원곡면 지문북길 104,금~화 10:30~19:00,Y,Y,Y,37.06730138,127.151972
시노마니아,카페,경기도,파주시,경기도 파주시 조리읍 뇌조로52번길 52-10,정보없음,Y,N,Y,37.75108748,126.811408
시몬스 테라스점,여행지,경기도,이천시,경기도 이천시 모가면 사실로 988,"일~목 11:00~20:00, 금~토 11:00~21:00",N,Y,Y,37.1977277,127.446266
시크릿 키즈 가족 풀빌라 스파 펜션,펜션,경기도,포천시,경기도 포천시 신북면 깊이울로 119,매일 15:00~11:00,N,N,Y,37.92578702,127.17684
시흥오이도박물관,박물관,경기도,시흥시,경기도 시흥시 오이도로 332,매일 10:00~18:00,N,Y,Y,37.33518527,126.691253
신구대학교 우촌박물관,박물관,경기도,성남시,경기도 성남시 중원구 광명로 377,월~금 10:00~17:00,N,N,Y,37.44885139,127.167697
신구대학교식물원 갤러리 우촌,미술관,경기도,성남시,경기도 성남시 수정구 적푸리로 9,화~일 09:00~18:00,N,N,Y,37.43372945,127.081478
실학박물관,박물관,경기도,남양주시,경기도 남양주시 조안면 다산로747번길 16,화~일 10:00~18:00,N,Y,Y,37.51599953,127.300635
쏘스윗 커피,카페,경기도,성남시,경기도 성남시 분당구 판교역로 109,매일 10:00~20:00,Y,N,Y,37.39119618,127.108938
쓰담쓰담펜션,펜션,경기도,포천시,경기도 포천시 일동면 사기막길 67-4,매일 15:00~11:00,Y,Y,Y,37.96530739,127.33819
아람미술관,미술관,경기도,고양시,경기도 고양시 일산동구 중앙로 1286,화~일 10:00~18:00,N,N,Y,37.6614856,126.774458
아름드리 스파펜션,펜션,경기도,포천시,경기도 포천시 군내면 청군로2985번길 98,매일 15:00~11:00,Y,Y,Y,37.86012544,127.240004
아름펜션,펜션,경기도,가평군,경기도 가평군 조종면 현등사길 33,매일 15:00~11:30,Y,Y,Y,37.86469106,127.346847
아베크슈,카페,경기도,고양시,경기도 고양시 일산동구 일산로372번길 35,화~일 10:30~20:30,Y,N,Y,37.66909492,126.783895
아웃팅,카페,경기도,가평군,경기도 가평군 상면 수목원로 135,매일 10:00~22:00,Y,Y,Y,37.76527374,127.363628
아이러브퍼피 본점,카페,경기도,김포시,경기도 김포시 김포한강11로 398,화~일 12:00~20:00,Y,Y,Y,37.65310896,126.692592
아이러브퍼피 수원광교점,카페,경기도,수원시,경기도 수원시 영통구 웰빙타운로36번길 46-246,화~일 11:00~21:00,Y,Y,Y,37.31191737,127.054793
아이앤독,식당,경기도,고양시,경기도 고양시 덕양구 원당로393번길 64,매일 11:00~20:00,Y,Y,Y,37.68353142,126.845856
아이유랑,카페,경기도,남양주시,경기도 남양주시 수동면 비룡로973번길 34,목~화 10:00~19:00,Y,Y,Y,37.71854007,127.311493
아인슈페너,카페,경기도,남양주시,경기도 남양주시 화도읍 녹촌로 87-69,화~일 12:00~21:00,Y,N,Y,37.642214,127.293812
아임버디,여행지,경기도,파주시,경기도 파주시 탄현면 필승로 487-32,매일 15:00~11:00,N,Y,Y,37.78481722,126.686662
아주대학교 도구박물관,박물관,경기도,수원시,경기도 수원시 영통구 월드컵로 206,월~금 10:00~17:00,N,N,Y,37.28305638,127.04366
아지트261,펜션,경기도,남양주시,경기도 남양주시 수동면 비룡로782번길 261,매일 15:00~11:00,Y,Y,Y,37.71520309,127.342597
아트린뮤지움,미술관,경기도,파주시,경기도 파주시 광탄면 기산로186번길 59,화~일 11:00~18:00,N,N,Y,37.77377192,126.916474
아트살롱,카페,경기도,가평군,경기도 가평군 상면 수목원로 183,매일 11:00~19:00,Y,Y,Y,37.76201114,127.363087
아트센터 화이트블럭,미술관,경기도,파주시,경기도 파주시 탄현면 헤이리마을길 72,매일 11:00~18:30,N,N,Y,37.78889328,126.699402
아프리카예술박물관,박물관,경기도,포천시,경기도 포천시 소흘읍 광릉수목원로 967,화~일 10:00~18:00,N,N,Y,37.77526972,127.139328
아해한국전통문화어린이박물관,박물관,경기도,과천시,경기도 과천시 추사로 133,월~토 10:00~18:00,N,N,Y,37.45762016,127.029979
안녕강아지,카페,경기도,하남시,경기도 하남시 미사강변중앙로 221,화~일 15:30~22:00,Y,N,Y,37.56633814,127.188499
안녕아가,카페,경기도,고양시,경기도 고양시 일산동구 호수로 336,매일 08:00~21:30,Y,N,Y,37.63760409,126.787762
안산문화예술의전당,문예회관,경기도,안산시,경기도 안산시 단원구 화랑로 312,전시공연에 따라 변동,N,N,Y,37.31842711,126.823107
안산어촌민속박물관,박물관,경기도,안산시,경기도 안산시 단원구 대부황금로 7,화~일 09:00~18:00,N,Y,Y,37.19250726,126.646121
안산향토사박물관,박물관,경기도,안산시,경기도 안산시 상록구 석호로 144,매일 10:00~17:00,N,Y,Y,37.29932569,126.847632
안산호수공원,여행지,경기도,안산시,경기도 안산시 상록구 해안로 615,매일 00:00~24:00,N,Y,Y,37.29743704,126.825892
안상철미술관,미술관,경기도,양주시,경기도 양주시 백석읍 권율로 905,화~토 11:00~17:00,N,N,Y,37.77838492,126.957052
안성31운동기념관,박물관,경기도,안성시,경기도 안성시 원곡면 만세로 868,화~일 09:00~18:00,N,Y,Y,37.06278466,127.175295
안성남사당전수관,여행지,경기도,안성시,경기도 안성시 보개면 남사당로 196-31,매일 09:00~18:00,N,Y,Y,37.03129806,127.309143
안성맞춤 포시즌 애견테마파크,카페,경기도,안성시,경기도 안성시 서운면 바우덕이로 348-24,수~월 11:00~20:00,Y,Y,Y,36.96692604,127.281397
안성맞춤박물관,박물관,경기도,안성시,경기도 안성시 대덕면 서동대로 4726-15,화~일 09:00~18:00,N,Y,Y,37.01131789,127.228356
안성맞춤아트홀,문예회관,경기도,안성시,경기도 안성시 발화대길 21,화~일 09:00~18:00,N,N,Y,37.00140209,127.278941
안성팜랜드,여행지,경기도,안성시,경기도 안성시 공도읍 대신두길 28,"월~금 10:00~18:00, 토~일 9:00~18:00",N,Y,Y,36.99208881,127.194423
안성팜랜드 파라다이스독,카페,경기도,안성시,경기도 안성시 공도읍 대신두길 28,화~일 10:00~18:00,Y,Y,Y,36.99208881,127.194423
안양박물관,박물관,경기도,안양시,경기도 안양시 만안구 예술공원로103번길 4,화~일 09:30~17:30,N,Y,Y,37.41838562,126.918315
안양아트센터,문예회관,경기도,안양시,경기도 안양시 만안구 문예로36번길 16,전시공연에 따라 변동,N,N,Y,37.38458842,126.931366
안젤리미술관,미술관,경기도,용인시,경기도 용인시 처인구 이동읍 이원로 244,화~일 10:00~18:30,N,N,Y,37.18451155,127.231313
알로하디디,카페,경기도,화성시,경기도 화성시 비봉면 남이로 255,매일 12:00~21:00,Y,Y,Y,37.24956104,126.841556
알베로벨로,카페,경기도,남양주시,경기도 남양주시 화도읍 소래비로 86-12,화~일 09:00~21:30,Y,Y,Y,37.65786074,127.32027
앙쥬레브펫 롯데백화점중동점,카페,경기도,부천시,경기도 부천시 길주로 300,매일 14:00~20:00,Y,Y,Y,37.50254165,126.775312
애견카페 똥강아지,카페,경기도,부천시,경기도 부천시 석천로169번길 34,매일 13:00~22:00,Y,N,Y,37.50307308,126.760862
애견카페레삐,카페,경기도,의정부시,경기도 의정부시 평화로 571-1,매일 11:00~23:00,Y,N,Y,37.74303547,127.046392
애견카페왈,카페,경기도,수원시,경기도 수원시 권선구 곡선로50번길 5-3,매일 13:00~22:00,Y,Y,Y,37.23856644,127.029939
애견카페왕,카페,경기도,남양주시,경기도 남양주시 경춘로773번길 12-16,"수, 금~월 11:00~20:00",Y,N,Y,37.62767091,127.190996
애견회관,카페,경기도,안성시,경기도 안성시 혜산로 37,"매일 09:30~21:00, 법정공휴일 09:30~21:00",Y,N,Y,37.01028271,127.274865
애니멀 패밀리 반려견카페,카페,경기도,용인시,경기도 용인시 처인구 모현읍 초부로 84-41,매일 10:00~18:00,Y,Y,Y,37.31255476,127.25051
애플롯지펜션,펜션,경기도,가평군,경기도 가평군 설악면 유명로 2277-4,매일 15:00~11:00,Y,Y,Y,37.70450215,127.448527
앤드퍼피,펜션,경기도,양평군,경기도 양평군 단월면 윗고북길 33-5,매일 15:00~11:00,Y,Y,Y,37.58896614,127.584716
양주시립장욱진미술관,미술관,경기도,양주시,경기도 양주시 장흥면 권율로 193,화~일 10:00~17:00,N,N,Y,37.73281632,126.94925
양주시립회암사지박물관,박물관,경기도,양주시,경기도 양주시 회암사길 11,화~일 09:00~18:00,N,Y,Y,37.84122644,127.102981
양주시문화예술회관,문예회관,경기도,양주시,경기도 양주시 광적면 부흥로618번길 303,매일 08:00~23:00,N,N,Y,37.81249969,126.972307
양주천만송이천일홍축제,여행지,경기도,양주시,경기도 양주시 광사로 131-66,매일 00:00~24:00,N,Y,Y,37.7857988,127.081834
양지공원,여행지,경기도,성남시,경기도 성남시 수정구 수정로466번길 46,매일 00:00~24:00,N,Y,Y,37.46246078,127.161511
양평곤충박물관,박물관,경기도,양평군,경기도 양평군 옥천면 경강로 1496,"화~일 3~10월 09:30~17:30, 11월~2월 09:30~17:00",N,N,Y,37.50920175,127.449186
양평군립미술관,미술관,경기도,양평군,경기도 양평군 양평읍 문화복지길 2,화~일 10:00~18:00,N,N,Y,37.49709935,127.483999
양평물소리길,여행지,경기도,양평군,경기도 양평군 옥천면 경강로 1353-27,매일 08:00~18:00,N,Y,N,37.51466953,127.437621
양평아프리카문화예술박물관,박물관,경기도,양평군,경기도 양평군 용문면 금곡길 40,화~일 10:00~18:00,N,N,Y,37.50731557,127.616438
양평친환경농업박물관,박물관,경기도,양평군,경기도 양평군 용문면 용문산로 670,"화~일 3~10월 09:30~18:00, 11~2월 09:30~17:00",N,Y,Y,37.54760517,127.581225
어반도그,카페,경기도,의정부시,경기도 의정부시 회룡로 178,매일 10:00~22:00,Y,N,Y,37.72638805,127.053457
어반플레이스,카페,경기도,가평군,경기도 가평군 청평면 남이터길 29,매일 10:00~18:30,Y,Y,Y,37.68824252,127.370404
어비계곡,여행지,경기도,가평군,,매일 00:00~24:00,N,Y,Y,37.59246445,127.501482
어서오시개냥,펜션,경기도,포천시,경기도 포천시 이동면 화동로 2236-19,매일 15:00~11:00,Y,Y,Y,38.04425399,127.374967
어서오시게,카페,경기도,평택시,경기도 평택시 고덕국제3길 114,매일 11:00~23:00,Y,N,Y,37.05154471,127.048245
어썸독,카페,경기도,용인시,경기도 용인시 처인구 모현읍 능곡로 19,수~월 11:00~20:00,Y,Y,Y,37.34085758,127.177178
어울림공원,여행지,경기도,안산시,,매일 00:00~24:00,N,Y,N,37.33303718,126.788688
언니네 애견카페,카페,경기도,수원시,경기도 수원시 영통구 동수원로 542-49,화~일 10:30~21:00,Y,N,Y,37.27414734,127.052339
엄미술관,미술관,경기도,화성시,경기도 화성시 봉담읍 오궁길 37,화~토 10:00~17:00,N,N,Y,37.20553707,126.979381
에코피아,펜션,경기도,가평군,경기도 가평군 북면 가화로 3010,정보없음,Y,Y,Y,37.98425203,127.439108
엠블럭 카페,카페,경기도,가평군,경기도 가평군 상면 수목원로 212,"일~금 10:00~19:00, 토 10:00~20:00",Y,Y,Y,37.75958602,127.361357
엠아르 카페,카페,경기도,남양주시,경기도 남양주시 화도읍 북한강로 1602-22,화~일 11:00~21:00,Y,Y,Y,37.65028508,127.368814
여성생활사박물관,박물관,경기도,여주시,경기도 여주시 강천면 강천로 324-20,"화~일 하절기 10:00~18:00, 동절기 10:00~17:00",N,Y,Y,37.24252504,127.708143
여주미술관,미술관,경기도,여주시,경기도 여주시 세종로 394-36,수~일 10:00~18:00,N,N,Y,37.26479451,127.637196
여주박물관,박물관,경기도,여주시,경기도 여주시 신륵사길 6-12,화~일 09:00~18:00,N,Y,Y,37.29965313,127.653379
여주세계생활도자관,미술관,경기도,여주시,경기도 여주시 신륵사길 7,화~일 10:00~17:00,N,N,Y,37.30014504,127.654546
여주시립폰박물관,박물관,경기도,여주시,경기도 여주시 강변유원지길 105,"화~일 3~10월 09:00~18:00, 11~2월 09:00~17:00",N,Y,Y,37.29306214,127.666904
연꽃테마파크,여행지,경기도,시흥시,경기도 시흥시 관곡지로 139,매일 00:00~24:00,N,Y,Y,37.4007007,126.808403
연천수레울아트홀,문예회관,경기도,연천군,경기도 연천군 연천읍 문화로 150,매일 09:00~22:00,N,N,Y,38.10712455,127.079746
영은미술관,미술관,경기도,광주시,경기도 광주시 청석로 300,수~일 10:00~18:00,N,N,Y,37.41355842,127.268748
영집궁시박물관,박물관,경기도,파주시,경기도 파주시 탄현면 국원말길 168,화~일 10:00~17:00,N,Y,Y,37.78492907,126.711367
예아리박물관,박물관,경기도,용인시,경기도 용인시 처인구 백암면 원설로270번길 25,화~금 09:00~18:00,N,N,Y,37.14132389,127.364261
오남호수공원,여행지,경기도,남양주시,,매일 00:00~24:00,N,Y,Y,37.69398731,127.225383
오늘하루 스파펜션,펜션,경기도,가평군,경기도 가평군 상면 수목원로386번길 17,매일 15:00~11:00,Y,Y,Y,37.74772764,127.351857
오도독,카페,경기도,동두천시,경기도 동두천시 삼육사로 1324-25,매일 11:00~20:00,Y,Y,Y,37.88975066,127.094196
오독스,카페,경기도,안양시,경기도 안양시 만안구 장내로149번길 30,매일 13:00~20:00,Y,N,N,37.39954203,126.923255
오로라커피하우스,카페,경기도,이천시,경기도 이천시 백사면 원적로775번길 16,매일 09:00~19:00,Y,Y,Y,37.34068975,127.462932
오마이독,카페,경기도,성남시,경기도 성남시 수정구 금토로107번길 85,매일 10:30~19:00,Y,Y,Y,37.40198677,127.073342
오블리펜션,펜션,경기도,가평군,경기도 가평군 상면 임초밤안골로 251,매일 15:00~11:00,Y,Y,Y,37.75005997,127.364253
오산문화예술회관,문예회관,경기도,오산시,경기도 오산시 경기도동로 41,월~금 09:00~18:00,N,N,Y,37.15954898,127.076857
오산반려동물테마파크,여행지,경기도,오산시,경기도 오산시 오산천로 72,화~일 10:00~18:00,N,Y,Y,37.14126173,127.063934
오산시립미술관,미술관,경기도,오산시,경기도 오산시 현충로 100,화~일 10:00~18:00,N,N,Y,37.16022175,127.077081
오알카페,카페,경기도,고양시,경기도 고양시 일산동구 성석로 328,매일 12:00~19:00,Y,N,Y,37.7052759,126.794709
오이도,여행지,경기도,시흥시,,매일 00:00~24:00,N,Y,Y,37.34394261,126.694581
오케키,카페,경기도,파주시,경기도 파주시 산내로7번길 7-2,월~토 10:00~18:00,Y,N,N,37.72209718,126.739826
오프리쉬 독파크,카페,경기도,파주시,경기도 파주시 문산읍 임진나루길 190-1,매일 10:00~20:00,Y,Y,Y,37.88489087,126.790133
오피큐알,식당,경기도,수원시,경기도 수원시 팔달구 화서문로45번길 31,매일 11:30~22:00,Y,N,Y,37.28669272,127.012347
옥구공원,여행지,경기도,시흥시,경기도 시흥시 서해안로 277,매일 00:00~24:00,N,Y,Y,37.35451663,126.709916
옥정중앙공원,여행지,경기도,양주시,경기도 양주시 옥정동로7길 110,매일 00:00~24:00,N,Y,Y,37.82299986,127.094931
올대디 애견카페,카페,경기도,부천시,경기도 부천시 신흥로 178,화~일 11:00~21:00,Y,Y,Y,37.49995794,126.7776
올림픽공원,여행지,경기도,수원시,경기도 수원시 권선구 효원로256번길 16,매일 00:00~24:00,N,Y,Y,37.26147429,127.028578
완두콩 애견카페 펍,카페,경기도,김포시,경기도 김포시 양촌읍 양곡2로 25,목~화 14:00~24:00,Y,N,Y,37.65364472,126.626911
왈왈펫카페,카페,경기도,고양시,경기도 고양시 일산동구 무궁화로 32-12,정보없음,Y,N,N,37.66211709,126.768038
왈츠와 닥터만 커피박물관,박물관,경기도,남양주시,경기도 남양주시 조안면 북한강로 856-37,수~일 11:00~17:00,N,N,Y,37.59196631,127.338457
왓썹독,카페,경기도,평택시,경기도 평택시 오리곡길 63,매일 09:00~20:00,Y,Y,Y,37.08539038,127.072264
외할머니의 부엌,박물관,경기도,김포시,경기도 김포시 대곶면 덕포진로103번길 95-7,화~일 10:00~18:00,N,N,Y,37.64997572,126.538977
용문사,여행지,경기도,양평군,경기도 양평군 용문면 용문산로 782,매일 00:00~24:00,N,Y,Y,37.55021797,127.570448
용인대학교박물관,박물관,경기도,용인시,경기도 용인시 처인구 용인대학로 134,월~금 10:00~17:00,N,N,Y,37.22787888,127.170724
용인시문예회관,문예회관,경기도,용인시,경기도 용인시 처인구 중부대로1392번길 5,화~일 09:00~22:00,N,N,Y,37.23264673,127.198871
용인시박물관,박물관,경기도,용인시,경기도 용인시 기흥구 동백3로 79,화~일 09:00~18:00,N,Y,Y,37.27389677,127.157125
용인포은아트홀,문예회관,경기도,용인시,경기도 용인시 수지구 포은대로 499,매일 09:00~22:00,N,N,Y,37.32561804,127.104762
용주사 효행박물관,박물관,경기도,화성시,경기도 화성시 용주로 136,"화~일 하절기 10:00~18:00, 동절기 10:00~17:00",N,N,Y,37.21177931,127.005615
우리똥강아지,카페,경기도,고양시,경기도 고양시 일산동구 장백로 13,매일 10:00~19:00,Y,N,Y,37.63969222,126.789982
우석헌자연사박물관,박물관,경기도,남양주시,경기도 남양주시 진접읍 금강로 1095,화~토 10:00~19:00,N,N,Y,37.69803201,127.160819
우프우프 카페,카페,경기도,고양시,경기도 고양시 덕양구 화신로260번길 51,매일 13:00~20:00,Y,N,Y,37.63304883,126.832634
운정행복센터,문예회관,경기도,파주시,경기도 파주시 와석순환로 415,화~일 09:00~22:00,N,N,Y,37.72410397,126.751503
운정호수공원,여행지,경기도,파주시,경기도 파주시 경의로 1151,매일 00:00~24:00,N,Y,Y,37.720108,126.760122
원미산산림욕장,여행지,경기도,부천시,,매일 00:00~24:00,N,Y,Y,37.49304343,126.79785
위드독애견카페,카페,경기도,안양시,경기도 안양시 만안구 예술공원로 196,매일 11:00~21:00,Y,N,Y,37.41970463,126.927588
위드멍,펜션,경기도,가평군,경기도 가평군 상면 수목원로 417-17,매일 15:00~11:00,Y,Y,Y,37.74462358,127.353953
위켄드컴즈,카페,경기도,광주시,경기도 광주시 능평로 47,목~화 12:00~22:00,Y,Y,Y,37.35284231,127.164722
위클리커피,카페,경기도,성남시,경기도 성남시 수정구 위례광장로 12,금~수 10:00~20:00,Y,N,Y,37.46676779,127.142159
유리섬미술관,미술관,경기도,안산시,경기도 안산시 단원구 부흥로 254,화~일 09:00~18:00,N,N,Y,37.21975458,126.602419
유앤아이센터,문예회관,경기도,화성시,경기도 화성시 태안로 145,전시공연에 따라 변동,N,N,Y,37.20296594,127.033203
유엔군 초전기념관,박물관,경기도,오산시,경기도 오산시 경기도대로 742,화~일 09:00~18:00,N,Y,Y,37.1846106,127.049014
유진민속박물관,박물관,경기도,고양시,경기도 고양시 덕양구 고양대로1670번길 78-11,화~토 10:00~18:00,N,N,Y,37.64585399,126.865784
유폴24시 애견셀프목욕 무인카페,카페,경기도,수원시,경기도 수원시 팔달구 권광로142번길 31,매일 00:00~24:00,Y,N,Y,37.25993581,127.033232
육갑,여행지,경기도,남양주시,경기도 남양주시 조안면 재재기로 537,"월~금 11:00~19:00, 토~일 10:00~19:00",N,Y,Y,37.59141526,127.319782
율곡습지공원,여행지,경기도,파주시,,매일 00:00~24:00,N,Y,Y,37.88945531,126.813512
율동공원,여행지,경기도,성남시,경기도 성남시 분당구 문정로 72,매일 00:00~24:00,N,Y,Y,37.37655571,127.152412
으르렁애견카페 파주,카페,경기도,파주시,경기도 파주시 미래로 369-59,매일 10:00~20:00,Y,N,Y,37.71151449,126.744947
의왕향토사료관,박물관,경기도,의왕시,경기도 의왕시 골우물길 49,"화~금 09:00~22:00, 토~일 09:00~18:00",N,Y,Y,37.34224722,126.969514
의정부예술의전당,문예회관,경기도,의정부시,경기도 의정부시 의정로 1,화~일 09:00~22:00,N,N,Y,37.7333846,127.034129
이구역의댕댕이,카페,경기도,구리시,경기도 구리시 갈매중앙로 70,매일 10:00~21:00,Y,N,N,37.63053607,127.117141
이뻐해줄개,카페,경기도,수원시,경기도 수원시 팔달구 인계로68번길 6,목~화 11:00~22:00,Y,N,Y,37.26872023,127.024829
이영미술관,미술관,경기도,용인시,경기도 용인시 기흥구 흥덕4로 63,화~일 10:00~18:00,N,N,Y,37.27730628,127.090111
이지 펜션,펜션,경기도,가평군,경기도 가평군 가평읍 태봉두밀로 269-119,매일 15:00~11:00,N,N,Y,37.81524693,127.466588
이천 예스파크,여행지,경기도,이천시,경기도 이천시 신둔면 도자예술로5번길 109,시설에 따라 변동,N,Y,Y,37.29309767,127.385685
이천세계도자센터,박물관,경기도,이천시,경기도 이천시 경충대로2697번길 231,화~일 09:00~18:00,N,Y,Y,37.27583191,127.423357
이천시립박물관,박물관,경기도,이천시,경기도 이천시 경충대로2697번길 172,화~일 09:00~18:00,N,Y,Y,37.27489134,127.427315
이천시립월전미술관,미술관,경기도,이천시,경기도 이천시 경충대로2709번길 185,화~일 9:00~18:00,N,N,Y,37.28016656,127.424047
이천아트홀,문예회관,경기도,이천시,경기도 이천시 부악로 40,화~일 09:00~22:00,N,N,Y,37.27212308,127.435037
이충반려견동반쉼터,여행지,경기도,평택시,경기도 평택시 장안웃길 149,화~일 10:00~21:00,N,Y,Y,37.06605785,127.07071
이풀실내정원,박물관,경기도,안산시,경기도 안산시 상록구 반월천북길 139-18,화~일 11:00~22:00,N,N,Y,37.31067861,126.88927
인계예술공원,여행지,경기도,수원시,경기도 수원시 팔달구 동수원로 335,매일 00:00~24:00,N,Y,Y,37.25939225,127.036451
일본군위안부역사관,박물관,경기도,광주시,경기도 광주시 퇴촌면 가새골길 85,화~일 10:00~17:00,N,N,Y,37.4428472,127.32202
일산호수공원,여행지,경기도,고양시,경기도 고양시 일산동구 호수로 731,매일 00:00~24:00,N,Y,Y,37.66444706,126.760442
일지미술관,미술관,경기도,가평군,경기도 가평군 조종면 운악청계로 140,매일 9:00~18:00,N,N,Y,37.83281026,127.34538
자라섬,여행지,경기도,가평군,,매일 00:00~24:00,N,Y,Y,37.81044078,127.53544
자유수호평화박물관,박물관,경기도,동두천시,경기도 동두천시 평화로2910번길 96-63,화~일 09:30~18:00,N,Y,Y,37.94250341,127.066057
잔아문학박물관,박물관,경기도,양평군,경기도 양평군 서종면 사랑제길 9-9,화~일 하절기 10:00~18:00 동절기 10:00~17:00,N,N,Y,37.59677172,127.354781
장발장 펜션,펜션,경기도,포천시,경기도 포천시 일동면 사기막길 224,매일 15:00~12:00,Y,Y,Y,37.96015699,127.352629
장자호수공원,여행지,경기도,구리시,,매일 00:00~24:00,N,Y,Y,37.58253843,127.138798
장천꽃박물관,박물관,경기도,고양시,경기도 고양시 덕양구 대주로410번길 5-29,"화~금 10:00~17:00, 토~일 10:00~18:00",N,N,Y,37.65183427,126.824959
장흥자생수목원,여행지,경기도,양주시,경기도 양주시 장흥면 권율로309번길 167-35,매일 10:00~20:00,N,Y,Y,37.74392607,126.949639
재단법인 중남미문화원병설박물관,박물관,경기도,고양시,경기도 고양시 덕양구 대양로285번길 33-15,"화~토 10:00~18:00, 일 09:00~18:00",N,N,Y,37.70358397,126.895348
재단법인 한국등잔박물관,박물관,경기도,용인시,경기도 용인시 처인구 모현읍 능곡로56번길 8,수~일 10:00~17:00,N,N,Y,37.33658645,127.177881
전곡선사박물관,박물관,경기도,연천군,경기도 연천군 전곡읍 평화로443번길 2,화~일 10:00~18:00,N,Y,Y,38.01159172,127.063762
전원애견까페,카페,경기도,화성시,경기도 화성시 비봉면 삼화길 226,매일 10:00~21:00,Y,N,N,37.25176801,126.855763
정문규미술관,미술관,경기도,안산시,경기도 안산시 단원구 대부황금로 153-9,매일 11:00~18:00,N,N,N,37.20532108,126.644263
제암리31운동순국기념관,박물관,경기도,화성시,경기도 화성시 향남읍 제암길 50,화~일 10:00~18:00,N,Y,Y,37.12630809,126.891596
조명박물관,박물관,경기도,양주시,경기도 양주시 광적면 광적로 235-48,매일 10:00~17:00,N,N,Y,37.83609524,126.967531
조병화문학관,박물관,경기도,안성시,경기도 안성시 양성면 난실길 14-1,"화~일 12~2월 10:30~16:00, 3~11월 10:30~17:00",N,N,Y,37.11208086,127.221627
조이런어질리티클럽,여행지,경기도,가평군,경기도 가평군 설악면 유명로 553-10,"목, 토~일 10:00~17:00",N,Y,Y,37.59759444,127.4881
종이미술관,미술관,경기도,안산시,경기도 안산시 단원구 대남로 233,매일 10:00~18:00,N,N,N,37.22451241,126.575989
종자와 시인박물관,박물관,경기도,연천군,경기도 연천군 연천읍 현문로 433-27,매일 10:00~17:00,N,N,Y,38.06419252,127.109945
죽포미술관,미술관,경기도,여주시,경기도 여주시 산북면 고촌길 26-10,매일 10:00~17:00,N,N,Y,37.4100311,127.442638
중대물빛공원,여행지,경기도,광주시,,매일 00:00~24:00,N,Y,Y,37.4000958,127.220672
중원계곡,여행지,경기도,양평군,,매일 00:00~24:00,N,Y,Y,37.55253295,127.616397
증권박물관,박물관,경기도,고양시,경기도 고양시 일산동구 호수로 358-8,월~토 10:00~17:00,N,N,Y,37.63853809,126.785986
지도박물관,박물관,경기도,수원시,경기도 수원시 영통구 월드컵로 92,월~금 10:00~17:00,N,N,Y,37.27577145,127.054963
직동근린공원,여행지,경기도,의정부시,경기도 의정부시 호국로1162번길 73,매일 00:00~24:00,N,Y,Y,37.74035799,127.032619
째즈고양이카페,카페,경기도,성남시,경기도 성남시 분당구 양현로94번길 7,화~일 14:00~19:00,Y,N,N,37.3918439,127.125413
창조자연사박물관,박물관,경기도,시흥시,경기도 시흥시 두문로71번길 4,매일 10:00~17:00,N,N,Y,37.43371524,126.786473
천섬 리버뷰 커플 스파,펜션,경기도,가평군,경기도 가평군 설악면 자잠로282번길 18-16,매일 15:00~22:00,Y,Y,Y,37.69724287,127.491994
천주교마재성지,여행지,경기도,남양주시,경기도 남양주시 조안면 다산로 698-44,화~일 09:00~17:00,N,Y,Y,37.52158925,127.296065
철도박물관,박물관,경기도,의왕시,경기도 의왕시 철도박물관로 142,"화~일 하절기 09:00~18:00, 동절기 09:00~17:00",N,N,Y,37.31404764,126.951299
청계계곡 빈센트하우스 애견 펜션,펜션,경기도,포천시,경기도 포천시 일동면 운악청계로1480번길 99,매일 15:00~11:00,Y,Y,Y,37.94171046,127.346724
청암민속박물관,여행지,경기도,양주시,경기도 양주시 장흥면 권율로 83-5,매일 10:00~18:00,N,Y,Y,37.72205241,126.94579
청평호,여행지,경기도,가평군,,매일 00:00~24:00,N,Y,Y,37.69820338,127.444773
청학박물관,박물관,경기도,여주시,경기도 여주시 산북면 금품2로 132,정보없음,N,Y,Y,37.3894373,127.448152
초막골생태공원,여행지,경기도,군포시,,매일 00:00~24:00,N,Y,Y,37.34907427,126.918299
충현박물관,박물관,경기도,광명시,경기도 광명시 오리로347번길 5-7,화~일 10:00~17:00,N,N,Y,37.43320347,126.878033
츄로바,카페,경기도,파주시,경기도 파주시 탄현면 헤이리마을길 55-30,수~일 11:00~19:00,Y,N,N,37.78866194,126.696389
카페 베네치아,카페,경기도,광주시,경기도 광주시 초월읍 지월로16번길 55,매일 10:30~22:00,Y,Y,Y,37.40807619,127.291707
카페 별달,카페,경기도,평택시,경기도 평택시 목천로 64-3,매일 09:00~21:00,Y,N,N,37.0872077,127.055642
카페 브루하하 호텔링,카페,경기도,양주시,경기도 양주시 송랑로 211,화~일 12:00~23:00,Y,Y,Y,37.80335389,127.085575
카페 살다,카페,경기도,포천시,경기도 포천시 소흘읍 광릉수목원로779번길 35-18,화~일 11:00~19:00,Y,Y,Y,37.76916724,127.151851
카페 제이독,카페,경기도,평택시,경기도 평택시 구룡길 78-13,매일 13:00~22:00,Y,Y,Y,36.9993412,127.136861
카페 타지,카페,경기도,평택시,경기도 평택시 방혜동길 30-20,매일 11:00~23:00,Y,Y,Y,37.04363448,127.090554
카페 험프리즈,카페,경기도,평택시,경기도 평택시 팽성읍 팽성남로 301,화~일 08:30~19:00,Y,Y,Y,36.9496916,127.006271
카페101 파크뷰,카페,경기도,남양주시,경기도 남양주시 와부읍 석실로260번길 13-58,매일 10:00~22:00,Y,Y,Y,37.59752302,127.221297
카페댕스,카페,경기도,용인시,경기도 용인시 수지구 성복2로301번길 5,매일 10:00~22:00,Y,Y,Y,37.31844327,127.055222
카페더뽀빠이,카페,경기도,파주시,경기도 파주시 탄현면 법흥로 100-1,수~월 10:00~20:00,Y,Y,Y,37.77658427,126.7064
카페도기,카페,경기도,수원시,경기도 수원시 영통구 대학1로8번길 23,매일 08:30~21:00,Y,N,Y,37.2978383,127.04307
카페랄라,카페,경기도,의정부시,경기도 의정부시 고산로163번길 80,매일 10:00~22:00,Y,Y,Y,37.73628318,127.105305
카페무르,카페,경기도,양평군,경기도 양평군 강하면 강남로 379,매일 11:00~20:00,Y,Y,Y,37.5041311,127.42676
카페비앤비,카페,경기도,용인시,경기도 용인시 기흥구 탑실로 34,목~화 12:00~24:00,Y,Y,N,37.23859647,127.109973
카페소풍,카페,경기도,부천시,경기도 부천시 길주로77번길 19-27,월~토 09:00~23:00,Y,Y,Y,37.50691638,126.74938
카페수리,카페,경기도,광주시,경기도 광주시 곤지암읍 열미길 431,수~월 11:00~21:00,Y,Y,Y,37.38559586,127.356803
카페스토리,카페,경기도,남양주시,경기도 남양주시 와부읍 팔당로81번길 74-65,매일 11:30~21:00,Y,Y,Y,37.55486694,127.241313
카페아래오후N 2호점,카페,경기도,가평군,경기도 가평군 상면 수목원로 204,매일 10:00~19:00,Y,Y,Y,37.76065612,127.361496
카페영글다,카페,경기도,평택시,경기도 평택시 우곡길 70-78,매일 10:00~23:00,Y,Y,Y,37.07360759,127.079505
카페온,카페,경기도,고양시,경기도 고양시 덕양구 세솔로 82,화~일 10:00~19:00,Y,N,N,37.65137818,126.888721
카페하일런,카페,경기도,여주시,경기도 여주시 세종대왕면 영릉로 489-6,매일 12:00~22:00,Y,Y,Y,37.32132235,127.609712
카페휘바,카페,경기도,양주시,경기도 양주시 장흥면 호국로550번길 111,매일 10:30~20:30,Y,Y,Y,37.7159231,126.980318
커피먹고멍멍,카페,경기도,용인시,경기도 용인시 처인구 이동읍 이원로 517,화~일 14:00~23:00,Y,Y,Y,37.16588457,127.240563
커피볶는강아지minipia,카페,경기도,화성시,경기도 화성시 동탄대로시범길 185,매일 10:00~19:00,Y,N,Y,37.20154492,127.109275
커피에 빠진 캣츠,카페,경기도,고양시,경기도 고양시 일산동구 성현로 185-43,매일 10:00~22:00,Y,N,Y,37.71022102,126.807329
커피타는너구리,카페,경기도,성남시,경기도 성남시 수정구 수정로 142,매일 10:00~22:00,Y,N,N,37.44188479,127.135886
컨츄리독힐링파크,카페,경기도,용인시,경기도 용인시 처인구 모현읍 월촌로 76-1,매일 12:00~19:00,Y,Y,Y,37.33173791,127.237034
코니아일랜드 애견카페,카페,경기도,남양주시,경기도 남양주시 화도읍 북한강로 1627,금~수 12:00~20:00,Y,Y,Y,37.65335271,127.368589
코쿠케이크,카페,경기도,부천시,경기도 부천시 평천로669번길 9,월~토 11:00~18:00,Y,N,N,37.51550592,126.765037
콩알펜션,펜션,경기도,포천시,경기도 포천시 소흘읍 죽엽산로 391-3,매일 15:00~11:00,Y,Y,Y,37.79881719,127.167783
퀸스타운 애견펜션,펜션,경기도,양평군,경기도 양평군 단월면 석산로 1539-10,매일 15:00~11:00,Y,Y,Y,37.64653114,127.615046
큐티멍,카페,경기도,용인시,경기도 용인시 수지구 신봉2로 94-19,화~일 11:00~21:00,Y,N,N,37.32933289,127.070774
크레이지도넛,카페,경기도,수원시,경기도 수원시 팔달구 효원로308번길 16,매일 11:00~21:00,Y,N,Y,37.25983674,127.034625
큰어울마당,문예회관,경기도,용인시,경기도 용인시 수지구 문정로7번길 15,화~일 09:00~22:00,N,N,Y,37.32052477,127.095499
클럽더독스,펜션,경기도,양평군,경기도 양평군 옥천면 당곡길 42-18,매일 14:00~11:00,Y,Y,Y,37.51572122,127.436634
키움반려견스쿨,카페,경기도,성남시,경기도 성남시 분당구 석운로 198,매일 10:00~17:00,Y,Y,Y,37.38018291,127.045811
타임앤블레이드박물관,박물관,경기도,파주시,경기도 파주시 탄현면 헤이리마을길 41,수~일 10:00~18:00,N,N,Y,37.78734999,126.69787
타카독스커피,카페,경기도,용인시,경기도 용인시 기흥구 죽전로 33,매일 10:00~22:00,Y,Y,Y,37.32074987,127.112501
탄도항,여행지,경기도,안산시,,매일 00:00~24:00,N,Y,Y,37.19309112,126.64563
탄앤크림,카페,경기도,의정부시,경기도 의정부시 평화로 627,매일 11:00~21:00,Y,N,N,37.74796338,127.045076
테이크그린,카페,경기도,이천시,경기도 이천시 부발읍 경충대로1878번길 18,매일 11:00~21:30,Y,Y,Y,37.24266386,127.507324
테일더블루,카페,경기도,고양시,경기도 고양시 일산서구 하이파크2로 40,매일 12:00~24:00,Y,Y,Y,37.69905311,126.753576
토실이네,펜션,경기도,남양주시,경기도 남양주시 진접읍 광릉수목원로186번길 49,매일 15:00~11:00,Y,Y,Y,37.75057553,127.189115
투앤디,카페,경기도,의정부시,경기도 의정부시 호국로 1982,매일 10:00~21:00,Y,Y,Y,37.77581112,127.112788
트리하우스 펜션,펜션,경기도,가평군,경기도 가평군 상면 수목원로 181-16,매일 15:00~11:00,Y,Y,Y,37.76211285,127.363964
티키타카독,카페,경기도,용인시,경기도 용인시 처인구 양지면 식금로 37,매일 12:00~01:00,Y,Y,Y,37.25564669,127.330832
티파니 가든,카페,경기도,광주시,경기도 광주시 보뚱치길 25,매일 13:00~20:00,Y,Y,Y,37.33919453,127.20325
파주나비나라박물관,박물관,경기도,파주시,경기도 파주시 광인사길 161,수~일 10:00~18:00,N,N,Y,37.71485205,126.686912
파주시민회관,문예회관,경기도,파주시,경기도 파주시 시민회관길 33,매일 09:00~17:00,N,N,Y,37.75919299,126.780722
파트라슈,펜션,경기도,가평군,경기도 가평군 상면 축령로70번길 53,매일 15:00~11:00,Y,Y,Y,37.77811236,127.36201
판교박물관,박물관,경기도,성남시,경기도 성남시 분당구 판교로 191,화~일 9:00~18:00,N,Y,Y,37.4009256,127.095585
팔당물안개공원,여행지,경기도,광주시,,"매일 하절기 05:00~20:00, 동절기 07:00~18:00",N,Y,Y,37.51029917,127.314443
퍼피과수원,카페,경기도,양주시,경기도 양주시 만송로330번길 129,금~수 10:00~19:00,Y,Y,Y,37.78865545,127.097501
퍼피누,펜션,경기도,양평군,경기도 양평군 청운면 가현길 372,매일 14:00~11:00,Y,Y,Y,37.52487191,127.726787
퍼피빈 카페,카페,경기도,남양주시,경기도 남양주시 진접읍 경복대로바람골길 6,매일 08:00~19:00,Y,N,Y,37.71430342,127.209718
퍼피킹덤,카페,경기도,양주시,경기도 양주시 화합로1597번길 157,매일 12:00~24:00,Y,Y,Y,37.84300054,127.0797
퍼피펜트하우스,카페,경기도,고양시,경기도 고양시 일산동구 백마로 478,매일 11:00~22:00,Y,Y,Y,37.66096282,126.801455
페로하임,카페,경기도,화성시,경기도 화성시 효행로 1020,목~화 11:00~23:00,Y,N,Y,37.2125709,127.03929
펠리스뻬로시티,카페,경기도,용인시,경기도 용인시 기흥구 동탄기흥로785번길 21-3,매일 13:00~02:00,Y,N,Y,37.22774686,127.099713
펫아일럿,카페,경기도,성남시,경기도 성남시 수정구 수정로 192,매일 12:00~21:00,Y,N,N,37.44352127,127.141295
펫인쥬카페,카페,경기도,의정부시,경기도 의정부시 호국로 1336,매일 08:00~21:00,Y,N,Y,37.74406449,127.052361
펫크닉,카페,경기도,고양시,경기도 고양시 덕양구 지축1로 39,월~토 10:00~20:00,Y,N,N,37.64882934,126.914604
펫피랜드,카페,경기도,안성시,경기도 안성시 원곡면 산직길 30-61,월~금 09:00~18:00,Y,Y,Y,37.08829282,127.149461
평강랜드,여행지,경기도,포천시,경기도 포천시 영북면 우물목길 171-18,매일 09:00~18:00,N,Y,Y,38.04997858,127.306188
평촌아트홀,문예회관,경기도,안양시,경기도 안양시 동안구 평촌대로 76,전시공연에 따라 변동,N,N,Y,37.37998052,126.964032
평촌중앙공원,여행지,경기도,안양시,경기도 안양시 동안구 관평로 149,매일 00:00~24:00,N,Y,Y,37.39013664,126.961329
평택남부문화예술회관,문예회관,경기도,평택시,경기도 평택시 중앙로 277,전시공연에 따라 변동,N,N,Y,36.99113416,127.114086
평택북부문화예술회관,문예회관,경기도,평택시,경기도 평택시 경기도대로 1366,전시공연에 따라 변동,N,N,Y,37.06581156,127.065091
평택서부문화예술회관,문예회관,경기도,평택시,경기도 평택시 안중읍 서동대로 1531,전시공연에 따라 변동,N,N,Y,36.9901366,126.920152
평택호관광지,여행지,경기도,평택시,경기도 평택시 현덕면 평택호길 48,매일 00:00~24:00,N,Y,Y,36.91482586,126.912922
포러데이,카페,경기도,남양주시,경기도 남양주시 와부읍 경강로926번길 8-7,매일 10:00~02:00,Y,Y,Y,37.55649814,127.236351
포마자동차디자인미술관,미술관,경기도,고양시,경기도 고양시 덕양구 향뫼로 91,화~일 10:00~18:00,N,N,Y,37.59181863,126.896464
포시즌,카페,경기도,고양시,경기도 고양시 덕양구 흥도로 293,매일 10:00~20:00,Y,Y,Y,37.63224647,126.857301
포시즌애견테마파크,여행지,경기도,안성시,경기도 안성시 서운면 바우덕이로 348-24,매일 10:00~22:00,N,Y,Y,36.96692604,127.281397
포인트랜드,카페,경기도,안성시,경기도 안성시 대덕면 시미실길 41,화~일 10:00~18:00,Y,Y,Y,37.04713408,127.243778
포천 역사문화관,박물관,경기도,포천시,경기도 포천시 중앙로34번길 8,월~금 09:00~18:00,N,N,Y,37.89046376,127.198272
포천반월아트홀,문예회관,경기도,포천시,경기도 포천시 군내면 청성로 111,매일 09:00~18:00,N,N,Y,37.89610864,127.212418
포천아트밸리,여행지,경기도,포천시,경기도 포천시 신북면 아트밸리로 234,"월~목 09:00~19:00, 금~일 09:00~21:00",N,Y,Y,37.92344665,127.236501
포포펜션,펜션,경기도,포천시,경기도 포천시 화현면 봉화로 315-69,매일 15:00~11:00,Y,Y,Y,37.87486002,127.27535
퐁당 애견펜션,펜션,경기도,양평군,경기도 양평군 용문면 망능길 4,매일 15:00~11:00,Y,Y,Y,37.53271016,127.624802
푼타하우스,카페,경기도,하남시,경기도 하남시 서하남로451번길 13-66,매일 10:00~20:00,Y,Y,Y,37.52377752,127.187477
풀독,카페,경기도,안성시,경기도 안성시 원곡면 방삼길 16-18,화~일 12:00~20:00,Y,Y,Y,37.05081041,127.159911
풀짚공예박물관,박물관,경기도,광주시,경기도 광주시 문형산길 76,화~일 10:00~17:00,N,N,Y,37.36418022,127.165101
프라움악기박물관,박물관,경기도,남양주시,경기도 남양주시 와부읍 경강로 756,화~일 11:00~18:00,N,N,Y,37.56850845,127.227049
프랜들리독 카페,카페,경기도,여주시,경기도 여주시 가남읍 안금2길 41-90,화~일 12:00~22:00,Y,Y,Y,37.22822191,127.595628
프로방스,여행지,경기도,파주시,경기도 파주시 탄현면 새오리로 69,매일 10:00~22:00,N,Y,Y,37.79042089,126.684998
플러피펍,카페,경기도,여주시,경기도 여주시 흥천면 문바실길 107-4,목~화 12:00~19:00,Y,Y,Y,37.36096807,127.506586
플럼,카페,경기도,양평군,경기도 양평군 용문면 용문로 316-1,매일 11:00~22:00,Y,Y,Y,37.4816735,127.590414
플레이독 애견풀빌라,펜션,경기도,가평군,경기도 가평군 상면 수목원로 391-25,매일 15:00~11:00,Y,Y,Y,37.74663494,127.353969
플레이크,카페,경기도,용인시,경기도 용인시 기흥구 평촌2로2번길 11-17,정보없음,Y,N,N,37.28276304,127.152265
플루프,카페,경기도,파주시,경기도 파주시 조리읍 탑삭골1길 31-7,화~일 11:00~19:00,Y,Y,Y,37.73348666,126.793112
피노지움,박물관,경기도,파주시,경기도 파주시 회동길 152,화~일 10:30~18:30,N,N,Y,37.70890728,126.687563
피스테일,카페,경기도,고양시,경기도 고양시 일산동구 성석로 90-1,매일 08:00~19:10,Y,Y,Y,37.687298,126.793813
피스피스 정발산점,카페,경기도,고양시,경기도 고양시 일산동구 일산로380번길 45,매일 11:30~21:00,Y,Y,N,37.67058211,126.783277
피아노폭포,여행지,경기도,남양주시,,"화~일 3~10월 09:00~18:00, 11~2월 09:00~17:00",N,Y,Y,37.63056116,127.348309
피터펫츠,카페,경기도,고양시,경기도 고양시 덕양구 대주로 358-78,매일 11:00~20:00,Y,Y,Y,37.65018809,126.819461
하남문화예술회관,문예회관,경기도,하남시,경기도 하남시 신평로 125,화~일 10:00~19:00,N,N,Y,37.54475416,127.206838
하남역사박물관,박물관,경기도,하남시,경기도 하남시 덕풍동로 30,화~일 09:00~18:00,N,N,Y,37.54546042,127.206084
하늘숲 글램핑 파크,펜션,경기도,가평군,경기도 가평군 북면 화악산로 254-38,매일 14:30~10:30,Y,Y,Y,37.90455082,127.562176
하루강아지애견펜션,펜션,경기도,가평군,경기도 가평군 상면 수목원로386번길 12-17,매일 15:00~11:00,Y,Y,Y,37.74914076,127.352324
하성근린공원 반려견놀이터,여행지,경기도,김포시,경기도 김포시 하성면 하성로 585,화~일 09:00~18:00,N,Y,Y,37.72436612,126.630123
하우스오브바두기,카페,경기도,김포시,경기도 김포시 양촌읍 김포한강4로 284,매일 11:00~21:00,Y,Y,Y,37.65195536,126.651744
하우스플랜트,카페,경기도,하남시,경기도 하남시 덕풍북로6번길 14,매일 10:00~22:00,Y,Y,Y,37.54714021,127.199438
하울링,카페,경기도,화성시,경기도 화성시 동탄순환대로29길 64,일~금 08:00~21:00,Y,N,Y,37.20446097,127.109303
하울픽스,카페,경기도,고양시,경기도 고양시 일산동구 고봉로658번길 103,수~월 11:00~20:00,Y,Y,Y,37.71224974,126.793131
한가원,박물관,경기도,포천시,경기도 포천시 영북면 산정호수로322번길 26-9,화~일 10:00~17:00,N,N,Y,38.0683561,127.303729
한국근현대사박물관,박물관,경기도,파주시,경기도 파주시 탄현면 헤이리마을길 59-85,매일 10:00~18:00,Y,Y,Y,37.79087271,126.695202
한국기독교역사박물관,박물관,경기도,이천시,경기도 이천시 대월면 대평로214번길 10-13,화~토 10:00~17:00,N,N,Y,37.22281443,127.499251
한국만화박물관,박물관,경기도,부천시,경기도 부천시 길주로 1,화~일 10:00~18:00,N,N,Y,37.50905498,126.745618
한국미술관,미술관,경기도,용인시,경기도 용인시 기흥구 마북로 244-2,화~일 10:00~17:30,N,N,Y,37.30896613,127.131967
한국민속촌 박물관,박물관,경기도,용인시,경기도 용인시 기흥구 민속촌로 90,"월~목 10:00~18:00, 금~일 10:00~21:30",N,N,Y,37.25913189,127.122543
한국조리박물관,박물관,경기도,안성시,경기도 안성시 일죽면 주래본죽로 158-60,화~일 10:00~16:00,N,N,Y,37.09101912,127.490293
한국카메라박물관,박물관,경기도,과천시,경기도 과천시 대공원광장로 8,"화~토 3~10월 10:00~18:00, 11~2월 10:00~17:00",N,N,Y,37.43505342,127.005667
한길책박물관,박물관,경기도,파주시,경기도 파주시 탄현면 헤이리마을길 59-6,화~일 11:00~18:00,N,N,Y,37.78926128,126.697938
한내근린공원,여행지,경기도,광명시,,매일 00:00~24:00,N,Y,N,37.45057078,126.886528
한신대학교박물관,박물관,경기도,오산시,경기도 오산시 한신대길 137,월~금 10:00~17:00,N,N,Y,37.19243583,127.028214
한탄강 지질공원센터,박물관,경기도,포천시,경기도 포천시 영북면 비둘기낭길 55,수~월 09:00~18:00,N,Y,Y,38.07322174,127.224665
한향림도자미술관,미술관,경기도,파주시,경기도 파주시 탄현면 헤이리마을길 82-37,수~일 10:00~18:00,N,N,Y,37.7889619,126.701195
한향림옹기박물관,박물관,경기도,파주시,경기도 파주시 탄현면 헤이리마을길 96-43,수~일 10:00~19:00,N,N,Y,37.78995433,126.700919
할리우독,카페,경기도,의정부시,경기도 의정부시 호국로 932,매일 10:30~20:00,Y,Y,Y,37.73653715,127.009474
함께할개 사랑할개,카페,경기도,부천시,경기도 부천시 중동로262번길 38,수~월 13:00~21:00,Y,N,N,37.50263004,126.770997
해뜨락,펜션,경기도,포천시,경기도 포천시 신북면 아트밸리로 175-1,매일 15:00~12:00,N,N,Y,37.9254949,127.234536
해우재,여행지,경기도,수원시,경기도 수원시 장안구 장안로 463,매일 10:00~18:00,N,Y,Y,37.31867475,126.977899
해움미술관,미술관,경기도,수원시,경기도 수원시 팔달구 매산로 133,화~일 10:00~18:00,N,N,Y,37.2722582,127.014996
행복한정원 애견펜션,펜션,경기도,가평군,경기도 가평군 가평읍 분자골로 234,매일 15:00~11:00,Y,Y,Y,37.76115799,127.493389
행주산성역사공원,여행지,경기도,고양시,,매일 05:00~22:00,N,Y,Y,37.59821749,126.819746
허브빌 펜션,펜션,경기도,포천시,경기도 포천시 영북면 산정호수로 868-24,매일 15:00~11:00,Y,Y,Y,38.07806915,127.321212
허브아일랜드,여행지,경기도,포천시,경기도 포천시 신북면 청신로947번길 35,"월~금 10:00~21:00, 토~일 10:00~11:00",N,Y,Y,37.96592581,127.131708
허브아일랜드식물원,박물관,경기도,포천시,경기도 포천시 신북면 청신로947번길 35,목~화 10:00~21:00,Y,Y,Y,37.96592581,127.131708
헤이리무장애노을숲길,여행지,경기도,파주시,,매일 00:00~24:00,N,Y,N,37.79025158,126.70228
헤이리예술마을,여행지,경기도,파주시,경기도 파주시 탄현면 헤이리마을길 82-105,매일 00:00~24:00,N,Y,Y,37.78806368,126.703739
헤이블,카페,경기도,고양시,경기도 고양시 일산동구 일산로286번길 7-10,수~월 11:00~22:00,Y,N,Y,37.66192598,126.786403
헤이헤이,카페,경기도,파주시,경기도 파주시 평화로 380,매일 08:00~21:00,Y,Y,Y,37.774583,126.740791
현대어린이책미술관 MOKA,미술관,경기도,성남시,경기도 성남시 분당구 판교역로146번길 20,화~일 10:00~19:00,N,N,Y,37.39279369,127.112017
현대어린이책미술관 MOKA GARDEN,미술관,경기도,남양주시,경기도 남양주시 다산순환로 50,화~일 10:30~21:00,N,N,Y,37.61625793,127.152429
현암지구공원,여행지,경기도,여주시,,매일 00:00~24:00,N,Y,Y,37.30658178,127.63166
호감,카페,경기도,양주시,경기도 양주시 평화로 1142-32,수~월 10:00~18:00,Y,Y,Y,37.79256808,127.048884
호매실동반려견놀이터,여행지,경기도,수원시,경기도 수원시 권선구 금곡로 190,수~월 10:00~18:00,N,Y,Y,37.27319917,126.951451
호명펜션,펜션,경기도,가평군,경기도 가평군 청평면 상지로 279,매일 15:00~11:00,Y,Y,Y,37.76880353,127.479616
호명호수,여행지,경기도,가평군,,매일 00:00~24:00,N,Y,Y,37.74881158,127.475577
호암미술관,박물관,경기도,용인시,경기도 용인시 처인구 포곡읍 에버랜드로562번길 38,화~일 10:00~18:00,N,N,Y,37.29321604,127.192333
호텔더일마,카페,경기도,성남시,경기도 성남시 수정구 사송로77번길 35,매일 10:00~19:00,Y,Y,Y,37.41198784,127.113275
화랑공원,여행지,경기도,성남시,경기도 성남시 분당구 대왕판교로 609,매일 00:00~24:00,N,Y,N,37.39708376,127.106227
화랑유원지,여행지,경기도,안산시,경기도 안산시 단원구 화랑로 259,매일 00:00~24:00,N,Y,Y,37.32308895,126.816187
화성시 역사박물관,박물관,경기도,화성시,경기도 화성시 향남읍 행정동로 96,화~일 10:00~18:00,N,N,Y,37.13263825,126.92811
화성휴게소 반려견놀이터,여행지,경기도,화성시,경기도 화성시 팔탄면 서해안고속도로 301,매일 00:00~24:00,N,Y,Y,37.14359049,126.879152
화폐박물관,박물관,경기도,파주시,경기도 파주시 탄현면 헤이리마을길 93-89,"화~금 11:00~17:00, 토~일 11:00~18:00",N,N,Y,37.79080491,126.697314
황순원문학촌 소나기마을,박물관,경기도,양평군,경기도 양평군 서종면 소나기마을길 24,화~일 09:30~17:00,N,Y,Y,37.59491956,127.377887
황토기와펜션,펜션,경기도,양평군,경기도 양평군 서종면 화서로 955,정보없음,N,N,Y,37.62380558,127.449174
효원공원,여행지,경기도,수원시,경기도 수원시 팔달구 동수원로 397,매일 00:00~24:00,N,Y,N,37.26467203,127.039444
휴독,카페,경기도,성남시,경기도 성남시 분당구 서현로439번길 19,매일 12:00~20:00,Y,Y,Y,37.37541908,127.145821
BAD DOG 배드독,카페,경기도,동두천시,경기도 동두천시 평화로 2357,화~일 10:30~20:30,Y,N,Y,37.8981894,127.057512
ban dog cafe,카페,경기도,성남시,경기도 성남시 수정구 복정로 63-1,매일 10:00~21:00,Y,N,N,37.45867416,127.126491
C LUNA,카페,경기도,평택시,경기도 평택시 자유로14번길 21,매일 11:00~24:00,Y,Y,N,36.99220071,127.091814
cafe levelroz,카페,경기도,안양시,경기도 안양시 만안구 장내로143번길 28,화~일 14:00~22:00,Y,N,N,37.39916277,126.922817
Cafe109,카페,경기도,수원시,경기도 수원시 권선구 효원로230번길 38,매일 09:00~21:30,Y,N,Y,37.26107214,127.025896
CICA미술관,미술관,경기도,김포시,경기도 김포시 양촌읍 삼도로 196-30,수~일 10:30~5:30,N,N,Y,37.60819722,126.597774
Coffee Puppy,카페,경기도,의정부시,경기도 의정부시 오목로225번길 24-12,화~일 12:00~22:00,Y,N,Y,37.74700828,127.098782
DIMA 아트센터,미술관,경기도,안성시,경기도 안성시 삼죽면 동아예대길 47,월~토 09:00~18:00,N,N,Y,37.06236123,127.353295
EARTH120,카페,경기도,고양시,경기도 고양시 덕양구 서삼릉길 120,매일 11:00~18:30,Y,Y,Y,37.66336653,126.859877
GEO키즈글램핑,펜션,경기도,포천시,경기도 포천시 이동면 금강로 6561,매일 15:00~11:00,Y,Y,Y,38.11049678,127.396904
hek,카페,경기도,파주시,경기도 파주시 탄현면 헤이리마을길 82-154,화~일 12:30~20:00,Y,Y,Y,37.78801902,126.70161
KUMA 계원예술대학교 미술관,미술관,경기도,의왕시,경기도 의왕시 계원대학로 66,매일 10:00~1700,N,N,Y,37.37947065,126.981822
ONSIDE 카페,카페,경기도,남양주시,경기도 남양주시 퇴계원읍 별내2로 203-11,목~화 10:00~20:00,Y,Y,Y,37.64743884,127.137561
The Azit,카페,경기도,부천시,경기도 부천시 양지남로 17,매일 10:00~22:00,Y,N,Y,37.47108363,126.813693
