sido,city,dogs,cats,registered
서울특별시,강남구,34402,441,34843
서울특별시,강동구,25292,223,25515
서울특별시,강북구,18444,141,18585
서울특별시,강서구,33280,356,33636
서울특별시,관악구,26027,381,26408
서울특별시,광진구,19926,346,20272
서울특별시,구로구,19179,233,19412
서울특별시,금천구,12791,134,12925
서울특별시,노원구,26942,196,27138
서울특별시,도봉구,19726,147,19873
서울특별시,동대문구,18747,327,19074
서울특별시,동작구,18146,363,18509
서울특별시,마포구,22735,706,23441
서울특별시,서대문구,17414,367,17781
서울특별시,서초구,23515,271,23786
서울특별시,성동구,16634,255,16889
서울특별시,성북구,23921,279,24200
서울특별시,송파구,33396,310,33706
서울특별시,양천구,23533,237,23770
서울특별시,영등포구,18695,302,18997
서울특별시,용산구,17366,394,17760
서울특별시,은평구,27690,315,28005
서울특별시,종로구,9386,191,9577
서울특별시,중구,7841,201,8042
서울특별시,중랑구,22856,162,23018
경기도,가평군,6324,37,6361
경기도,고양시,73953,799,74752
경기도,과천시,2894,47,2941
경기도,광명시,20973,118,21091
경기도,광주시,28452,400,28852
경기도,구리시,12368,121,12489
경기도,군포시,15432,178,15610
경기도,김포시,30911,217,31128
경기도,남양주시,50994,456,51450
경기도,동두천시,7283,41,7324
경기도,부천시,55995,448,56443
경기도,성남시,59674,793,60467
경기도,수원시,75009,766,75775
경기도,시흥시,36772,197,36969
경기도,안산시,48025,796,48821
경기도,안성시,12390,161,12551
경기도,안양시,36736,288,37024
경기도,양주시,15301,104,15405
경기도,양평군,12925,139,13064
경기도,여주시,7752,23,7775
경기도,연천군,2313,12,2325
경기도,오산시,15114,92,15206
경기도,용인시,66533,812,67345
경기도,의왕시,8088,99,8187
경기도,의정부시,31007,226,31233
경기도,이천시,13285,83,13368
경기도,파주시,34164,283,34447
경기도,평택시,37182,475,37657
경기도,포천시,13509,71,13580
경기도,하남시,17412,203,17615
경기도,화성시,49820,468,50288
