sido,city,registered,dogs,cats,hospitals,facilities,parks,hospitals_per_10k_pets,facilities_per_10k_pets
경기도,가평군,6361,6324,37,9,49,18,14.15,77.03
경기도,고양시,74752,73953,799,123,41,281,16.45,5.48
경기도,과천시,2941,2894,47,13,8,33,44.2,27.2
경기도,광명시,21091,20973,118,21,6,84,9.96,2.84
경기도,광주시,28852,28452,400,36,19,66,12.48,6.59
경기도,구리시,12489,12368,121,18,7,61,14.41,5.6
경기도,군포시,15610,15432,178,14,5,123,8.97,3.2
경기도,김포시,31128,30911,217,52,15,189,16.71,4.82
경기도,남양주시,51450,50994,456,72,49,172,13.99,9.52
경기도,동두천시,7324,7283,41,10,6,40,13.65,8.19
경기도,부천시,56443,55995,448,70,23,195,12.4,4.07
경기도,성남시,60467,59674,793,117,26,216,19.35,4.3
경기도,수원시,75775,75009,766,123,34,335,16.23,4.49
경기도,시흥시,36969,36772,197,39,11,200,10.55,2.98
경기도,안산시,48821,48025,796,39,25,241,7.99,5.12
경기도,안성시,12551,12390,161,36,20,75,28.68,15.93
경기도,안양시,37024,36736,288,53,13,138,14.32,3.51
경기도,양주시,15405,15301,104,24,25,100,15.58,16.23
경기도,양평군,13064,12925,139,17,42,36,13.01,32.15
경기도,여주시,7775,7752,23,16,17,24,20.58,21.86
경기도,연천군,2325,2313,12,7,3,17,30.11,12.9
경기도,오산시,15206,15114,92,19,6,118,12.5,3.95
경기도,용인시,67345,66533,812,121,44,340,17.97,6.53
경기도,의왕시,8187,8088,99,14,5,62,17.1,6.11
경기도,의정부시,31233,31007,226,33,14,133,10.57,4.48
경기도,이천시,13368,13285,83,36,15,44,26.93,11.22
경기도,파주시,34447,34164,283,54,47,173,15.68,13.64
경기도,평택시,37657,37182,475,61,20,535,16.2,5.31
경기도,포천시,13580,13509,71,23,35,48,16.94,25.77
경기도,하남시,17615,17412,203,39,9,80,22.14,5.11
경기도,화성시,50288,49820,468,101,26,595,20.08,5.17
서울특별시,강남구,34843,34402,441,96,37,146,27.55,10.62
서울특별시,강동구,25515,25292,223,60,10,74,23.52,3.92
서울특별시,강북구,18585,18444,141,28,13,53,15.07,6.99
서울특별시,강서구,33636,33280,356,50,15,152,14.87,4.46
서울특별시,관악구,26408,26027,381,28,9,75,10.6,3.41
서울특별시,광진구,20272,19926,346,36,9,43,17.76,4.44
서울특별시,구로구,19412,19179,233,29,4,65,14.94,2.06
서울특별시,금천구,12925,12791,134,16,1,52,12.38,0.77
서울특별시,노원구,27138,26942,196,45,12,4,16.58,4.42
서울특별시,도봉구,19873,19726,147,25,9,49,12.58,4.53
서울특별시,동대문구,19074,18747,327,32,6,54,16.78,3.15
서울특별시,동작구,18509,18146,363,22,5,52,11.89,2.7
서울특별시,마포구,23441,22735,706,51,39,90,21.76,16.64
서울특별시,서대문구,17781,17414,367,28,12,67,15.75,6.75
서울특별시,서초구,23786,23515,271,63,22,128,26.49,9.25
서울특별시,성동구,16889,16634,255,27,13,48,15.99,7.7
서울특별시,성북구,24200,23921,279,34,11,53,14.05,4.55
서울특별시,송파구,33706,33396,310,89,24,139,26.4,7.12
서울특별시,양천구,23770,23533,237,49,6,96,20.61,2.52
서울특별시,영등포구,18997,18695,302,40,7,50,21.06,3.68
서울특별시,용산구,17760,17366,394,28,28,49,15.77,15.77
서울특별시,은평구,28005,27690,315,44,9,105,15.71,3.21
서울특별시,종로구,9577,9386,191,12,65,43,12.53,67.87
서울특별시,중구,8042,7841,201,19,27,38,23.63,33.57
서울특별시,중랑구,23018,22856,162,31,6,58,13.47,2.61
